ticker,date,price,eps,pe_ratio,net_income,total_assets,shareholders_equity,total_debt,roe,roa,debt_to_equity,market_cap,shares_outstanding
AAPL,2025-05-02,205.35,1.65,124.45454545454545,24780000000.0,331233000000.0,66796000000.0,92200000000.0,0.3709802982214504,0.07481138654663032,1.3803221749805377,3083983636363.6367,15018181818.18182
AAPL,2025-01-31,236.0,2.41,97.9253112033195,36330000000.0,344085000000.0,66758000000.0,94800000000.0,0.5442044399173133,0.10558437595361611,1.4200545253003385,3557626556016.597,15074688796.680496
AAPL,2024-11-01,222.91,6.11,36.48281505728314,93736000000.0,364980000000.0,56950000000.0,96662000000.0,1.6459350307287095,0.25682503150857583,1.6973134328358208,3419753152209.4927,15341407528.641571
AAPL,2024-08-02,219.86,1.4,157.04285714285717,21448000000.0,331612000000.0,66708000000.0,98300000000.0,0.32152065719254064,0.06467799717742422,1.473586376446603,3368255200000.0005,15320000000.000002
AAPL,2024-05-03,183.38,1.53,119.85620915032679,23636000000.0,337411000000.0,74194000000.0,102600000000.0,0.3185702347898752,0.07005106531796533,1.382861147801709,2832921359477.124,15448366013.071896
AAPL,2024-02-02,185.85,2.19,84.86301369863014,33916000000.0,353514000000.0,74100000000.0,106000000000.0,0.45770580296896085,0.09593962332467738,1.4304993252361673,2878213972602.7397,15486757990.86758
AAPL,2023-11-03,176.65,6.16,28.676948051948052,96995000000.0,352583000000.0,62146000000.0,105103000000.0,1.5607601454639075,0.27509834563776475,1.6912271103530396,2781520576298.7017,15745941558.441559
AAPL,2023-08-04,181.99,1.27,143.2992125984252,19881000000.0,335038000000.0,60274000000.0,105300000000.0,0.32984371370740284,0.059339537604689616,1.7470219331718486,2848931645669.2915,15654330708.661417
AAPL,2023-05-05,173.57,1.53,113.44444444444444,24160000000.0,332160000000.0,62158000000.0,107600000000.0,0.38868689468773127,0.07273603082851637,1.7310724283278098,2740817777777.7773,15790849673.202614
AAPL,2023-02-03,154.5,1.89,81.74603174603175,29998000000.0,346747000000.0,56727000000.0,109400000000.0,0.5288134398082042,0.08651264466599567,1.9285349128281066,2452217460317.4604,15871957671.957672
AAPL,2022-10-28,155.74,6.15,25.32357723577236,99803000000.0,352755000000.0,50672000000.0,,1.9695887275023682,0.2829244092925685,,2527368978861.7886,16228130081.300812
AAPL,2022-07-29,162.51,1.2,135.425,19442000000.0,336309000000.0,58107000000.0,108700000000.0,0.3345896363605073,0.057809930748210725,1.8706868363536235,2632932850000.0,16201666666.666668
AAPL,2022-04-29,157.65,1.54,102.37012987012987,25010000000.0,350662000000.0,67399000000.0,113000000000.0,0.37107375480348376,0.07132224193097626,1.6765827386163,2560276948051.948,16240259740.25974
AAPL,2022-01-28,170.33,2.11,80.72511848341233,34630000000.0,381191000000.0,71932000000.0,117800000000.0,0.4814269031863427,0.09084684580695766,1.6376577879108047,2795510853080.569,16412322274.881517
AAPL,2021-10-29,149.8,5.67,26.419753086419757,94680000000.0,351002000000.0,63090000000.0,,1.5007132667617689,0.26974205275183616,,2501422222222.2227,16698412698.412699
AAPL,2021-07-28,144.98,1.31,110.67175572519082,21744000000.0,329840000000.0,64280000000.0,,0.3382700684505289,0.06592287169536745,,2406446656488.5493,16598473282.442747
AAPL,2021-04-29,133.48,1.41,94.66666666666667,23630000000.0,337158000000.0,69178000000.0,,0.3415825840585157,0.07008583512774426,,2236973333333.3335,16758865248.226952
AAPL,2021-01-28,137.09,1.7,80.64117647058823,28755000000.0,354054000000.0,66224000000.0,,0.43420814206330033,0.0812164246131946,,2318837029411.7646,16914705882.352942
AAPL,2020-10-30,108.86,3.31,32.88821752265861,57411000000.0,323888000000.0,65339000000.0,,0.8786635853012749,0.1772557180259843,,1888145456193.3533,17344712990.936554
MSFT,2025-04-30,395.26,3.47,113.90778097982708,25824000000.0,562624000000.0,321891000000.0,42881000000.0,0.08022591498364354,0.045899215106358776,0.133215902277479,2941554536023.054,7442074927.95389
MSFT,2024-10-30,432.53,3.32,130.2801204819277,24667000000.0,523013000000.0,287723000000.0,45117000000.0,0.08573176284134393,0.047163263628246334,0.15680706790906532,3213619731927.7104,7429819277.108434
MSFT,2024-07-30,422.92,11.86,35.65935919055649,88136000000.0,512163000000.0,268477000000.0,44937000000.0,0.32828137978299815,0.17208583985957596,0.16737746622615718,3142873281618.887,7431365935.919056
MSFT,2024-04-25,399.04,2.95,135.26779661016948,21939000000.0,484275000000.0,253152000000.0,44907000000.0,0.08666334850208571,0.04530277218522534,0.17739144861585135,2967640189830.509,7436949152.542373
MSFT,2024-01-30,408.59,2.94,138.97619047619048,21870000000.0,470558000000.0,238268000000.0,47178000000.0,0.09178739906323971,0.04647673613029637,0.19800392834958955,3039409285714.2856,7438775510.204082
MSFT,2023-10-24,330.53,3.0,110.17666666666666,22291000000.0,445785000000.0,220714000000.0,45694000000.0,0.10099495274427539,0.05000392565923035,0.20702809971275044,2455948076666.6665,7430333333.333333
MSFT,2023-07-27,330.72,9.72,34.02469135802469,72361000000.0,411976000000.0,206223000000.0,47237000000.0,0.35088714643856406,0.175643726819038,0.2290578645446919,2462060691358.025,7444547325.1028805
MSFT,2023-04-25,275.42,2.46,111.95934959349594,18299000000.0,380088000000.0,194683000000.0,48210000000.0,0.09399382586050144,0.04814411399465387,0.24763333213480376,2048744138211.382,7438617886.178862
MSFT,2023-01-24,242.04,2.2,110.0181818181818,16425000000.0,364552000000.0,183136000000.0,48116000000.0,0.08968744539577145,0.04505530075270469,0.26273370609820024,1807048636363.636,7465909090.90909
MSFT,2022-10-25,250.66,2.35,106.66382978723404,17556000000.0,359784000000.0,173566000000.0,48622000000.0,0.10114884251523916,0.048795944233206594,0.2801355104110252,1872590195744.6807,7470638297.87234
MSFT,2022-07-28,276.41,9.7,28.495876288659797,72738000000.0,364840000000.0,166542000000.0,49781000000.0,0.4367546925099975,0.19936958666812848,0.2989095843691081,2072733049484.5364,7498762886.597939
MSFT,2022-04-26,270.22,2.23,121.17488789237669,16728000000.0,344607000000.0,162924000000.0,49926000000.0,0.10267363924283715,0.04854225247891076,0.3064373572954261,2027013524663.6772,7501345291.47982
MSFT,2022-01-25,288.49,2.5,115.396,18765000000.0,340389000000.0,160010000000.0,53258000000.0,0.11727392037997625,0.055128103434599826,0.3328416973939129,2165405940000.0,7506000000.0
MSFT,2021-10-26,310.11,2.73,113.5934065934066,20505000000.0,335418000000.0,151978000000.0,53288000000.0,0.1349208438063404,0.06113267624277767,0.35062969640342684,2329232802197.8022,7510989010.989011
MSFT,2021-07-29,286.5,8.12,35.283251231527096,61271000000.0,333779000000.0,141988000000.0,58146000000.0,0.4315223821731414,0.18356757015869782,0.4095134800123954,2161840086206.8967,7545689655.172415
MSFT,2021-04-27,261.97,2.05,127.79024390243904,15457000000.0,308879000000.0,134505000000.0,58058000000.0,0.11491766105349244,0.050042249554032484,0.43164194639604475,1975253800000.0005,7540000000.000001
MSFT,2021-01-26,232.33,2.05,113.33170731707318,15463000000.0,304137000000.0,130236000000.0,60523000000.0,0.11873061211953684,0.05084221913150981,0.46471789674130043,1752448190243.9026,7542926829.268293
MSFT,2020-10-27,213.25,1.84,115.89673913043478,13893000000.0,301001000000.0,123392000000.0,63552000000.0,0.11259238848547717,0.0461559928372331,0.5150414937759336,1610153396739.1304,7550543478.260869
GOOGL,2025-04-25,161.96,2.84,57.02816901408451,34540000000.0,475374000000.0,345267000000.0,,0.10003852091280081,0.07265858040195719,,1969752957746.479,12161971830.985916
GOOGL,2025-02-05,191.33,8.13,23.533825338253383,100118000000.0,450256000000.0,325084000000.0,12000000000.0,0.30797578472025694,0.22235794747876764,0.036913536193722236,2356159525215.252,12314637146.371462
GOOGL,2024-10-30,174.46,2.14,81.5233644859813,26301000000.0,430266000000.0,314119000000.0,,0.08372941464858859,0.061127302645340324,,2144146009345.7944,12290186915.88785
GOOGL,2024-07-24,172.63,1.91,90.38219895287958,23619000000.0,414770000000.0,300753000000.0,,0.07853288246501282,0.05694481278781011,,2134737157068.063,12365968586.387436
GOOGL,2024-04-26,171.95,1.91,90.0261780104712,23662000000.0,407350000000.0,292844000000.0,,0.08080069934845857,0.05808763962194673,,2130199424083.7698,12388481675.392672
GOOGL,2024-01-31,140.1,5.84,23.98972602739726,73795000000.0,402392000000.0,283379000000.0,14862000000.0,0.26041096905557576,0.18339082287918249,0.052445664639934504,1770321832191.7808,12636130136.986301
GOOGL,2023-10-25,125.61,1.56,80.51923076923076,19689000000.0,396711000000.0,273202000000.0,,0.07206755441028982,0.04963058750576616,,1585343134615.3845,12621153846.153845
GOOGL,2023-07-26,129.27,1.45,89.15172413793104,18368000000.0,383044000000.0,267141000000.0,,0.06875769724602364,0.047952715614916305,,1637538868965.5176,12667586206.896553
GOOGL,2023-04-26,103.71,1.18,87.88983050847457,15051000000.0,369491000000.0,260894000000.0,,0.05769009636097419,0.04073441572325172,,1322829838983.0508,12755084745.762712
GOOGL,2023-02-03,104.78,4.59,22.827886710239653,59972000000.0,365264000000.0,256144000000.0,15312000000.0,0.2341339246673746,0.16418809409084936,0.05977887438315947,1369034021786.4924,13065795206.971678
GOOGL,2022-10-26,94.93,1.07,88.7196261682243,13910000000.0,358255000000.0,253626000000.0,,0.0548445348662992,0.03882709243416003,,1234090000000.0,13000000000.0
GOOGL,2022-07-27,113.06,1.22,92.67213114754098,16002000000.0,355185000000.0,255419000000.0,,0.06264999862970257,0.04505257823387812,,1482939442622.951,13116393442.622952
GOOGL,2022-04-27,114.2945,24.9,4.590140562248997,16436000000.0,357096000000.0,254004000000.0,,0.0647076423993323,0.04602683872124023,,75443550281.12451,660080321.2851406
GOOGL,2022-02-02,148.0,113.88,1.2996136283807518,76033000000.0,359268000000.0,251635000000.0,15440000000.0,0.30215590041131,0.21163309841121392,0.06135871401037216,98813523006.6737,667658939.2342818
GOOGL,2021-10-27,146.2175,28.44,5.1412623066104075,18936000000.0,347403000000.0,244567000000.0,,0.07742663564585574,0.05450730131864146,,97354943037.97469,665822784.8101265
GOOGL,2021-07-28,136.094,27.69,4.91491513181654,18525000000.0,335387000000.0,237565000000.0,,0.07797865847241807,0.05523469901934183,,91048802816.9014,669014084.5070422
GOOGL,2021-04-28,117.952,26.63,4.429290274126925,17930000000.0,327095000000.0,230013000000.0,,0.07795211574997934,0.054815879178831836,,79417174615.09576,673300788.5843035
GOOGL,2021-02-03,102.944,59.15,1.7403888419273035,40269000000.0,319616000000.0,222544000000.0,15319000000.0,0.18094848659141563,0.12599181517821387,0.06883582572435114,70083718275.57059,680794590.0253593
GOOGL,2020-10-30,80.8055,16.55,4.8825075528700905,11247000000.0,299243000000.0,212920000000.0,,0.05282265639676874,0.03758483907727165,,54913562447.1299,679577039.2749244
AMZN,2025-05-02,189.98,1.62,117.2716049382716,17127000000.0,643256000000.0,305867000000.0,58750000000.0,0.055994925899165326,0.026625480368624624,0.19207694847760629,2008510777777.7776,10572222222.222221
AMZN,2025-02-07,229.15,5.66,40.485865724381625,59248000000.0,624894000000.0,285970000000.0,58000000000.0,0.2071825715984194,0.09481288026449286,0.2028184774626709,2398706572438.1626,10467844522.968197
AMZN,2024-11-01,197.93,1.46,135.56849315068493,15328000000.0,584626000000.0,259151000000.0,60500000000.0,0.05914698380480878,0.026218471296179095,0.2334546268391787,2077993863013.6987,10498630136.986301
AMZN,2024-08-02,167.9,1.29,130.15503875968992,13485000000.0,554818000000.0,236447000000.0,62683000000.0,0.05703180839680774,0.024305267673363155,0.2651038076186207,1755140697674.4187,10453488372.093023
AMZN,2024-05-01,179.0,1.0,179.0,10431000000.0,530969000000.0,216661000000.0,66852000000.0,0.048144336082636005,0.019645214692383173,0.3085557622276275,1867149000000.0,10431000000.0
AMZN,2024-02-02,171.81,2.95,58.24067796610169,30425000000.0,527854000000.0,201875000000.0,67182000000.0,0.15071207430340558,0.057639044129626754,0.332790092879257,1771972627118.644,10313559322.033897
AMZN,2023-10-27,127.74,0.96,133.0625,9879000000.0,486883000000.0,182973000000.0,67472000000.0,0.05399157252709416,0.020290295615168326,0.3687538598591049,1314524437500.0,10290625000.0
AMZN,2023-08-04,139.57,0.66,211.46969696969694,6750000000.0,477607000000.0,168602000000.0,67472000000.0,0.0400351122762482,0.014132958687791427,0.4001850511856324,1427420454545.4543,10227272727.272726
AMZN,2023-04-28,105.45,0.31,340.16129032258067,3172000000.0,464378000000.0,154526000000.0,69472000000.0,0.020527289905905802,0.006830642278488645,0.4495813002342648,1078991612903.2258,10232258064.516129
AMZN,2023-02-03,103.39,-0.27,-382.9259259259259,-2722000000.0,462675000000.0,146043000000.0,70542000000.0,-0.018638346240490815,-0.0058831793375479545,0.4830221236211253,1042324370370.3704,10081481481.481482
AMZN,2022-10-28,103.41,0.28,369.3214285714285,2872000000.0,428362000000.0,137489000000.0,63541000000.0,0.02088894384278015,0.006704609652583562,0.4621533359032359,1060691142857.1428,10257142857.142857
AMZN,2022-07-29,134.95,-0.2,-674.7499999999999,-2028000000.0,419728000000.0,131402000000.0,63435000000.0,-0.01543355504482428,-0.0048317005298669615,0.4827552092053393,1368393000000.0,10140000000.0
AMZN,2022-04-29,124.2815,-7.56,-16.439351851851853,-3844000000.0,410767000000.0,134001000000.0,50553000000.0,-0.028686353086917263,-0.009358103255616932,0.3772583786688159,63192868518.51852,508465608.4656085
AMZN,2022-02-04,157.6395,65.96,2.3899257125530626,33364000000.0,420549000000.0,138245000000.0,50553000000.0,0.2413396506202756,0.07933439385184604,0.36567687800643783,79737481473.62039,505821710.12735
AMZN,2021-10-29,168.6215,6.23,27.06605136436597,3156000000.0,382406000000.0,120564000000.0,51376000000.0,0.026176968249228626,0.00825300858250132,0.426130519889851,85420458105.939,506581059.39004815
AMZN,2021-07-30,166.3795,15.4,10.803863636363637,7778000000.0,360319000000.0,114803000000.0,51762000000.0,0.06775084274801181,0.02158642758222575,0.45087671924949696,84032451363.63637,505064935.064935
AMZN,2021-04-30,173.371,16.09,10.775077688004973,8107000000.0,323077000000.0,103320000000.0,33227000000.0,0.07846496322106078,0.025093089263550174,0.3215931087882307,87353554816.65631,503853325.0466128
AMZN,2021-02-03,165.6265,42.64,3.884298780487805,21331000000.0,321195000000.0,93404000000.0,33174000000.0,0.22837351719412444,0.06641137004000686,0.355166802278275,82855977286.58537,500257973.7335835
AMZN,2020-10-30,151.8075,12.63,12.01959619952494,6331000000.0,282179000000.0,82775000000.0,33288000000.0,0.07648444578677137,0.022436113247265035,0.4021504077318031,76096063539.1924,501266825.0197941
META,2025-05-01,572.21,6.59,86.8300455235205,16644000000.0,280213000000.0,185029000000.0,,0.0899534667538602,0.059397672484859734,,1445199277693.475,2525644916.5402126
META,2025-01-30,687.0,24.61,27.91548151158066,62360000000.0,276054000000.0,182637000000.0,28826000000.0,0.34144231453648494,0.22589783158367566,0.157832202675252,1740809427062.17,2533929297.033726
META,2024-10-31,567.58,6.2,91.54516129032258,15688000000.0,256408000000.0,164529000000.0,28823000000.0,0.09535097156124452,0.061183738416898066,0.17518492180709783,1436160490322.5806,2530322580.645161
META,2024-08-01,497.74,5.31,93.73634651600754,13465000000.0,230238000000.0,156763000000.0,,0.08589399284269886,0.058482961109808114,,1262159905838.0415,2535781544.2561207
META,2024-04-25,441.38,4.86,90.81893004115226,12369000000.0,222844000000.0,149529000000.0,,0.08271973998354834,0.05550519646030407,,1123339345679.0122,2545061728.3950615
META,2024-02-02,474.99,15.19,31.269914417379855,39098000000.0,229623000000.0,153168000000.0,18385000000.0,0.25526219575890524,0.1702703997421861,0.12003159928966886,1222591113890.7175,2573930217.2481894
META,2023-10-26,288.35,4.5,64.07777777777778,11583000000.0,216274000000.0,142873000000.0,18383000000.0,0.08107200100788813,0.05355706187521385,0.12866671799430263,742212900000.0,2574000000.0
META,2023-07-27,311.71,3.03,102.87458745874588,7788000000.0,206688000000.0,134033000000.0,18382000000.0,0.058105093521744644,0.03767998142127264,0.13714532988144712,801187287128.7129,2570297029.7029705
META,2023-04-27,238.56,2.21,107.94570135746606,5709000000.0,184491000000.0,124795000000.0,9925000000.0,0.04574702512119876,0.030944598923524726,0.07953042990504428,616262009049.7738,2583257918.5520363
META,2023-02-02,188.77,8.63,21.87369640787949,23200000000.0,185727000000.0,125713000000.0,,0.18454734196145187,0.12491452508251358,,507469756662.80414,2688296639.6292
META,2022-10-27,97.94,1.64,59.71951219512195,4395000000.0,178894000000.0,124094000000.0,,0.0354167002433639,0.024567621049336477,,262467256097.561,2679878048.780488
META,2022-07-28,160.72,2.47,65.06882591093117,6687000000.0,169779000000.0,125767000000.0,,0.05316975041147519,0.03938649656317919,,435115238866.39667,2707287449.392712
JNJ,2025-04-23,155.38,4.57,34.0,10999000000.0,193671000000.0,78109000000.0,,0.14081603912481278,0.05679218881505233,,373966000000.0,2406783369.8030634
JNJ,2025-02-13,157.25,5.84,26.9263698630137,14066000000.0,180104000000.0,71490000000.0,32400000000.0,0.19675479087984332,0.07809932039266201,0.45321023919429293,378746318493.1507,2408561643.8356166
JNJ,2024-10-23,165.86,1.12,148.08928571428572,2694000000.0,178287000000.0,70158000000.0,,0.03839904216197725,0.015110467953356105,,398952535714.2857,2405357142.8571424
JNJ,2024-07-25,159.64,1.95,81.86666666666666,4686000000.0,181088000000.0,71538000000.0,,0.06550364841063491,0.025876921717617955,,383627199999.99994,2403076923.076923
JNJ,2024-05-01,151.18,1.35,111.98518518518519,3255000000.0,171966000000.0,70020000000.0,,0.04648671808054841,0.018928160217717455,,364511777777.77783,2411111111.111111
JNJ,2024-02-16,156.55,13.88,11.278818443804035,35153000000.0,167558000000.0,68774000000.0,27350000000.0,0.511137930031698,0.20979601093352748,0.39767935557041906,396484304755.0432,2532636887.608069
JNJ,2023-10-27,145.6,10.32,14.108527131782944,26028000000.0,166061000000.0,71228000000.0,,0.36541809400797437,0.1567375843816429,,367216744186.0465,2522093023.255814
JNJ,2023-07-31,167.53,1.98,84.61111111111111,5144000000.0,191686000000.0,75149000000.0,,0.06845067798640035,0.026835553978903,,435239555555.55554,2597979797.979798
JNJ,2023-04-28,163.7,-0.03,-5456.666666666666,-68000000.0,195969000000.0,70869000000.0,,-0.0009595168550424022,-0.00034699365716006104,,371053333333.3334,2266666666.666667
JNJ,2022-02-17,166.19,7.93,20.957124842370746,20878000000.0,182018000000.0,74023000000.0,32116000000.0,0.28204747173175904,0.1147029414673274,0.43386515002093945,437542852459.01636,2632786885.2459016
JNJ,2021-10-29,162.88,1.39,117.17985611510792,3667000000.0,179228000000.0,70272000000.0,,0.05218294626593807,0.0204599727721115,,429698532374.1007,2638129496.402878
JNJ,2021-07-29,172.18,2.38,72.34453781512606,6278000000.0,176440000000.0,69580000000.0,,0.09022707674619143,0.03558150079347087,,454179008403.3614,2637815126.0504203
JNJ,2021-04-30,162.73,2.35,69.24680851063829,6197000000.0,172557000000.0,65834000000.0,,0.09413069234741926,0.03591277085252989,,429122472340.4255,2637021276.5957446
JNJ,2021-02-22,161.87,5.59,28.95706618962433,14714000000.0,174894000000.0,63278000000.0,,0.23252947311861943,0.08413095932393336,,426074271914.1324,2632200357.781753
JNJ,2020-10-23,145.24,1.35,107.58518518518518,3554000000.0,170693000000.0,64473000000.0,,0.055123850293921486,0.020821006133819195,,382357748148.14813,2632592592.5925922
PFE,2025-05-05,23.87,0.52,45.90384615384615,2973000000.0,208028000000.0,90338000000.0,,0.032909738980274085,0.014291345395812102,,136472134615.38463,5717307692.307693
PFE,2025-02-27,26.1,1.42,18.380281690140848,8062000000.0,213396000000.0,88203000000.0,,0.09140278675328503,0.03777952726386624,,148181830985.9155,5677464788.732394
PFE,2024-11-04,27.76,0.79,35.139240506329116,4473000000.0,219476000000.0,92286000000.0,,0.04846889018919446,0.020380360494997175,,157177822784.81012,5662025316.455696
PFE,2024-08-05,29.74,0.01,2974.0,48000000.0,216193000000.0,87700000000.0,,0.0005473204104903079,0.00022202383980979957,,142752000000.0,4800000000.0
PFE,2024-05-08,28.27,0.55,51.4,3123000000.0,221095000000.0,92282000000.0,,0.03384191933421469,0.014125149822474502,,160522200000.0,5678181818.181818
PFE,2024-02-22,27.55,0.38,72.5,2158000000.0,226501000000.0,89014000000.0,,0.02424337744624441,0.00952755175473839,,156455000000.0,5678947368.421053
PFE,2023-11-08,30.82,-0.42,-73.38095238095238,-2376000000.0,215021000000.0,96934000000.0,,-0.024511523304516475,-0.011050083480218211,,174353142857.14288,5657142857.142858
PFE,2023-08-09,35.84,0.41,87.41463414634147,2338000000.0,220168000000.0,99019000000.0,,0.02361163009119462,0.010619163547836197,,204375414634.1464,5702439024.3902445
PFE,2023-05-10,38.3,0.98,39.08163265306122,5556000000.0,195617000000.0,100970000000.0,,0.05502624541943151,0.02840243946078306,,217137551020.40817,5669387755.102041
PFE,2023-02-23,42.3,5.59,7.567084078711986,31407000000.0,197205000000.0,95661000000.0,,0.3283156145137517,0.1592606678329657,,237659409660.1073,5618425760.286225
PFE,2022-11-09,46.72,1.54,30.337662337662337,8623000000.0,195350000000.0,92631000000.0,,0.09308978635661927,0.04414128487330433,,261601662337.66232,5599350649.350649
PFE,2022-08-10,49.95,1.77,28.220338983050848,9911000000.0,195290000000.0,87208000000.0,,0.11364783047426842,0.05075016641917149,,279691779661.01697,5599435028.248588
PFE,2022-05-11,49.45,1.4,35.32142857142858,7870000000.0,183841000000.0,82424000000.0,,0.09548189847617199,0.04280873145816222,,277979642857.1429,5621428571.428572
PFE,2022-02-24,45.96,3.92,11.724489795918368,22025000000.0,181476000000.0,77201000000.0,,0.28529423194000075,0.12136591064383169,,258231887755.10208,5618622448.979592
PFE,2021-11-12,49.73,1.45,34.29655172413793,8159000000.0,179188000000.0,75691000000.0,,0.10779352895324411,0.045533183025649036,,279825565517.2414,5626896551.724138
PFE,2021-08-12,47.24,0.99,47.717171717171716,5589000000.0,169920000000.0,70042000000.0,,0.07979498015476429,0.03289194915254237,,266691272727.27277,5645454545.454546
PFE,2021-05-13,40.1,0.87,46.09195402298851,4886000000.0,158818000000.0,68620000000.0,,0.0712037306907607,0.030764774773640268,,225205287356.32184,5616091954.022988
PFE,2021-02-25,33.82,1.73,19.54913294797688,9652000000.0,154229000000.0,63238000000.0,4000000000.0,0.15262974793636738,0.06258226403594655,0.06325310730889655,188688231213.87283,5579190751.4450865
PFE,2020-11-05,36.39,0.39,93.3076923076923,2202000000.0,178983000000.0,65259000000.0,,0.0337424723026709,0.01230284440421716,,205463538461.53845,5646153846.153846
JPM,2025-05-01,246.89,5.08,48.6003937007874,14643000000.0,4357856000000.0,351420000000.0,,0.04166808946559672,0.0033601385635505165,,711655564960.6299,2882480314.96063
JPM,2024-10-30,224.41,4.38,51.2351598173516,12898000000.0,4210048000000.0,345836000000.0,,0.03729513410980927,0.0030636230275759326,,660831091324.2009,2944748858.447489
JPM,2024-08-02,199.14,6.13,32.48613376835237,18149000000.0,4143003000000.0,340552000000.0,,0.0532928891916653,0.004380638874748582,,589590841761.827,2960685154.97553
JPM,2024-05-01,191.86,4.45,43.114606741573034,13419000000.0,4090727000000.0,336637000000.0,,0.03986192842735647,0.003280346011845816,,578554907865.1686,3015505617.977528
JPM,2024-02-16,179.03,16.25,11.01723076923077,49552000000.0,3875393000000.0,327878000000.0,,0.15112938349020064,0.012786316123293819,,545925819076.9231,3049353846.1538463
JPM,2023-11-01,138.94,4.33,32.08775981524249,13151000000.0,3898333000000.0,317371000000.0,,0.041437308386714604,0.003373493234159319,,421986129330.254,3037182448.0369515
JPM,2023-08-03,156.35,4.76,32.846638655462186,14472000000.0,3868240000000.0,312516000000.0,,0.04630802902891372,0.003741236324530019,,475356554621.84875,3040336134.4537816
JPM,2023-05-03,135.98,4.11,33.085158150851576,12622000000.0,3744305000000.0,303082000000.0,,0.04164549527850549,0.0033709860708462584,,417600866180.0486,3071046228.710462
JPM,2023-02-21,139.63,12.1,11.539669421487604,37676000000.0,3665743000000.0,292332000000.0,,0.12888086148625535,0.010277861814098807,,434768585123.9669,3113719008.264463
JPM,2022-11-03,127.2,3.13,40.63897763578275,9737000000.0,3773884000000.0,288018000000.0,,0.03380691484559993,0.002580100501234272,,395701725239.61664,3110862619.8083067
JPM,2022-08-03,113.61,2.77,41.014440433213,8649000000.0,3841314000000.0,286143000000.0,,0.03022614566842453,0.0022515732897649085,,354733895306.8592,3122382671.4801445
JPM,2022-05-03,123.03,2.64,46.60227272727273,8282000000.0,3954687000000.0,285899000000.0,,0.02896827201214415,0.0020942238918023096,,385960022727.2727,3137121212.121212
JPM,2022-02-22,151.87,15.39,9.86809616634178,48334000000.0,3743567000000.0,294127000000.0,,0.16433037429409744,0.012911215426356735,,476964560103.9636,3140610786.224821
JPM,2021-11-02,170.47,3.74,45.580213903743314,11687000000.0,3757576000000.0,290041000000.0,,0.040294303219200044,0.0031102497993387226,,532695959893.0481,3124866310.1604276
JPM,2021-08-02,151.17,3.79,39.88654353562005,11948000000.0,3684256000000.0,286386000000.0,,0.04171991647636407,0.003242988543684261,,476564422163.5883,3152506596.3060684
JPM,2021-05-04,155.48,4.51,34.47450110864745,14300000000.0,3689336000000.0,280714000000.0,,0.05094152767585514,0.003876036229825638,,492985365853.6585,3170731707.3170733
JPM,2021-02-23,150.61,8.89,16.94150731158605,29131000000.0,3386071000000.0,279354000000.0,,0.10427987428137775,0.008603186406900505,,493523049493.8133,3276827896.5129356
JPM,2020-11-02,100.25,2.93,34.215017064846414,9443000000.0,3246076000000.0,271113000000.0,,0.03483049503343624,0.0029090508047254593,,323092406143.3447,3222866894.1979523
BAC,2025-04-30,39.88,0.91,43.824175824175825,7396000000.0,3349424000000.0,295581000000.0,304146000000.0,0.0250219060088436,0.0022081408624288834,1.0289768286865528,324123604395.60443,8127472527.4725275
BAC,2025-02-25,43.94,3.25,13.52,27132000000.0,3261519000000.0,295559000000.0,283279000000.0,0.09179893016284396,0.008318823223166873,0.9584516120300853,366824640000.0,8348307692.307693
BAC,2024-10-29,42.53,0.82,51.86585365853659,6896000000.0,3324293000000.0,296512000000.0,296927000000.0,0.02325706885387438,0.002074426050892626,1.001399606086769,357666926829.2683,8409756097.560976
BAC,2024-07-30,41.28,0.83,49.734939759036145,6897000000.0,3257996000000.0,293892000000.0,290474000000.0,0.023467804499612104,0.002116945508834265,0.9883698773699182,343021879518.0723,8309638554.216867
BAC,2024-04-30,37.01,0.77,48.064935064935064,6674000000.0,3273803000000.0,293552000000.0,296346000000.0,0.022735324576224996,0.002038607698752796,1.009517904834578,320785376623.3766,8667532467.532467
BAC,2024-02-20,33.96,3.1,10.95483870967742,26515000000.0,3180151000000.0,291646000000.0,302204000000.0,0.09091501340666425,0.008337654406976272,1.0362014222722067,290467548387.09674,8553225806.451612
BAC,2023-10-31,26.34,0.91,28.945054945054945,7802000000.0,3153090000000.0,287064000000.0,290359000000.0,0.027178608254605247,0.0024743981300882627,1.0114782766212413,225829318681.31866,8573626373.626373
BAC,2023-07-31,32.0,0.88,36.36363636363637,7408000000.0,3123198000000.0,283319000000.0,286073000000.0,0.026147205093904752,0.002371927748416847,1.0097204917425235,269381818181.81818,8418181818.181818
BAC,2023-05-01,29.04,0.95,30.568421052631578,8161000000.0,3194657000000.0,280196000000.0,283873000000.0,0.02912604034318834,0.0025545778466984095,1.0131229567873916,249468884210.52634,8590526315.789474
BAC,2023-02-22,34.29,3.21,10.682242990654206,27528000000.0,3051375000000.0,273197000000.0,275982000000.0,0.10076245346764423,0.009021506697800172,1.01019410901291,294060785046.72894,8575700934.579439
BAC,2022-10-28,36.18,0.81,44.666666666666664,7082000000.0,3072953000000.0,269524000000.0,269122000000.0,0.026275953161870556,0.0023046235982131847,0.9985084816194476,316329333333.3333,8743209876.54321
BAC,2022-07-29,33.81,0.73,46.31506849315069,6247000000.0,3111606000000.0,269118000000.0,275697000000.0,0.02321286573176079,0.0020076449267677206,1.0244465253160324,289330232876.71234,8557534246.575343
BAC,2022-04-29,35.68,0.81,44.04938271604938,7067000000.0,3238223000000.0,266617000000.0,278710000000.0,0.02650618677728727,0.002182369775027847,1.0453571977780862,311296987654.321,8724691358.02469
BAC,2022-02-22,45.56,3.6,12.655555555555555,31978000000.0,3169495000000.0,270066000000.0,280117000000.0,0.11840809283656588,0.010089304447553947,1.0372168284789645,404699355555.55554,8882777777.777777
BAC,2021-10-29,47.78,0.86,55.55813953488372,7691000000.0,3085446000000.0,272464000000.0,278621000000.0,0.028227582359504375,0.0024926704275492102,1.0225974807681015,427297651162.7907,8943023255.813953
BAC,2021-07-30,38.36,1.04,36.88461538461538,9224000000.0,3029894000000.0,277119000000.0,274604000000.0,0.033285339511184724,0.003044330923788093,0.99092447648844,340223692307.69226,8869230769.230768
BAC,2021-04-29,41.11,0.87,47.252873563218394,8050000000.0,2969992000000.0,274000000000.0,251211000000.0,0.02937956204379562,0.002710445011299694,0.9168284671532847,380385632183.9081,9252873563.218391
BAC,2021-02-24,36.38,1.88,19.351063829787236,17894000000.0,2819627000000.0,272924000000.0,262934000000.0,0.06556403980595331,0.006346229483545164,0.9633964033943515,346267936170.21277,9518085106.382978
BAC,2020-10-30,23.7,0.51,46.470588235294116,4881000000.0,2738452000000.0,268850000000.0,255723000000.0,0.018155105077180583,0.0017823938487875632,0.9511735168309466,226822941176.47055,9570588235.294117
XOM,2025-05-05,103.27,1.76,58.67613636363636,8033000000.0,451908000000.0,262720000000.0,,0.03057627892813642,0.017775741965178754,,471345403409.0908,4564204545.454545
XOM,2025-02-19,110.3,7.84,14.068877551020408,35063000000.0,453475000000.0,263705000000.0,,0.13296296998540036,0.077320690225481,,493297053571.4285,4472321428.571428
XOM,2024-11-04,118.61,1.92,61.77604166666667,8971000000.0,461916000000.0,268592000000.0,,0.03340010126883898,0.019421280059577932,,554192869791.6667,4672395833.333334
XOM,2024-08-05,114.77,2.14,53.63084112149532,9571000000.0,460707000000.0,268405000000.0,,0.03565879920269742,0.02077459209432459,,513300780373.8318,4472429906.542056
XOM,2024-04-29,119.64,2.06,58.07766990291262,8566000000.0,377918000000.0,205250000000.0,,0.04173447015834349,0.02266629268783175,,497493320388.3495,4158252427.184466
XOM,2024-02-28,104.32,8.89,11.73453318335208,37354000000.0,376317000000.0,204802000000.0,,0.1823907969648734,0.09926205831785437,,438331752530.93353,4201799775.028121
XOM,2023-10-31,105.85,2.25,47.044444444444444,9346000000.0,372259000000.0,199703000000.0,,0.04679949725342133,0.02510617607633395,,439677377777.7778,4153777777.7777777
XOM,2023-08-01,106.62,1.94,54.958762886597945,8153000000.0,363248000000.0,199046000000.0,,0.04096038101745325,0.022444720961987404,,448078793814.433,4202577319.587629
XOM,2023-05-02,110.1,2.79,39.46236559139785,11843000000.0,369371000000.0,198685000000.0,,0.059606915469210056,0.03206261455284795,,467352795698.9247,4244802867.3835125
XOM,2023-02-22,109.73,13.26,8.27526395173454,57577000000.0,369067000000.0,195049000000.0,,0.29519249009223325,0.15600690389549865,,476464872549.01965,4342156862.745098
XOM,2022-11-02,109.61,4.68,23.420940170940174,20198000000.0,370152000000.0,186100000000.0,,0.10853304674905964,0.05456677256910675,,473056149572.6496,4315811965.811966
XOM,2022-08-03,91.02,4.21,21.619952494061756,18574000000.0,367774000000.0,177316000000.0,,0.10475084030769925,0.0505038420334227,,401568997624.70306,4411876484.56057
XOM,2022-05-04,91.7,1.28,71.640625,5750000000.0,354771000000.0,169215000000.0,,0.03398043908636941,0.01620763816659197,,411933593750.0,4492187500.0
XOM,2022-02-23,76.77,5.39,14.2430426716141,23598000000.0,338923000000.0,168577000000.0,,0.13998350901961715,0.0696264343228403,,336107320964.7495,4378107606.679035
XOM,2021-11-03,63.93,1.57,40.71974522292994,6942000000.0,336688000000.0,160589000000.0,,0.04322836557921153,0.020618495461673717,,282676471337.5796,4421656050.955414
XOM,2021-08-04,56.84,1.1,51.67272727272727,4781000000.0,337289000000.0,158571000000.0,,0.03015053193837461,0.014174787793257414,,247047309090.9091,4346363636.363636
XOM,2021-05-05,60.97,0.64,95.265625,2796000000.0,333770000000.0,156974000000.0,,0.017811866933377503,0.008377026095814482,,266362687500.0,4368750000.0
XOM,2021-02-24,56.7,-5.25,-10.8,-23251000000.0,332750000000.0,157150000000.0,,-0.14795418390073178,-0.06987528174305034,,251110800000.0,4428761904.761905
XOM,2020-11-04,33.23,-0.15,-221.53333333333333,-709000000.0,358043000000.0,177400000000.0,,-0.0039966178128523116,-0.0019802090810321664,,157067133333.33334,4726666666.666667
CVX,2025-05-08,137.04,2.01,68.17910447761194,3512000000.0,256397000000.0,149244000000.0,,0.023531934282115193,0.013697508161171932,,239445014925.37317,1747263681.59204
CVX,2025-02-21,156.92,9.76,16.077868852459016,17749000000.0,256938000000.0,152318000000.0,,0.11652595228403734,0.06907892176322693,,285366094262.29504,1818545081.9672132
CVX,2024-11-07,156.77,2.49,62.959839357429715,4496000000.0,259232000000.0,156202000000.0,,0.02878324221200753,0.017343537834835207,,283067437751.00397,1805622489.959839
CVX,2024-08-07,142.41,2.43,58.60493827160494,4443000000.0,260644000000.0,159233000000.0,,0.027902507646028148,0.01704623931492764,,260381740740.74072,1828395061.728395
CVX,2024-05-02,160.73,2.99,53.755852842809354,5551000000.0,261651000000.0,160625000000.0,,0.034558754863813226,0.021215282953246883,,298398739130.43475,1856521739.1304348
CVX,2024-02-26,154.45,11.41,13.536371603856265,21411000000.0,261632000000.0,160957000000.0,,0.1330231055499295,0.08183631971624267,,289827252410.1665,1876511831.7265556
CVX,2023-11-02,148.76,3.48,42.747126436781606,6555000000.0,263927000000.0,165265000000.0,,0.03966357062898981,0.024836413099076637,,280207413793.1034,1883620689.6551723
CVX,2023-08-03,159.67,3.22,49.586956521739125,6008000000.0,251779000000.0,158325000000.0,,0.037947260382125376,0.02386219660893085,,297918434782.60864,1865838509.31677
CVX,2023-05-04,156.22,3.48,44.89080459770115,6605000000.0,255886000000.0,159449000000.0,,0.041423903567912,0.025812275779057862,,296503764367.8161,1897988505.7471263
CVX,2023-02-23,161.93,18.36,8.81971677559913,35608000000.0,257709000000.0,159282000000.0,,0.22355319496239373,0.1381713483037069,,314052474945.5338,1939433551.1982572
CVX,2022-11-03,181.13,5.81,31.175559380378658,11238000000.0,259735000000.0,158680000000.0,,0.07082177968237963,0.04326717616031724,,350350936316.6954,1934251290.8777971
CVX,2022-08-04,151.14,5.98,25.274247491638793,11715000000.0,257936000000.0,153554000000.0,,0.07629237922815427,0.04541824328515601,,296087809364.54846,1959030100.334448
CVX,2022-05-04,167.59,3.23,51.88544891640867,6277000000.0,249048000000.0,146219000000.0,,0.042928757548608594,0.025203976743439015,,325684962848.2972,1943343653.250774
CVX,2022-02-24,134.85,8.15,16.54601226993865,15689000000.0,239535000000.0,139067000000.0,25676000000.0,0.11281612460181063,0.06549773519527417,0.18463042993664924,259590386503.06744,1925030674.8466256
CVX,2021-11-04,113.51,3.19,35.58307210031348,6115000000.0,239948000000.0,135862000000.0,,0.04500890609589142,0.025484688349142314,,217590485893.41693,1916927899.6865203
CVX,2021-08-05,101.23,1.61,62.87577639751553,3094000000.0,242806000000.0,133182000000.0,,0.02323136760222853,0.01274268345922259,,194537652173.91306,1921739130.4347825
CVX,2021-05-06,109.02,0.72,151.41666666666666,1398000000.0,241645000000.0,131888000000.0,,0.010599902947955842,0.005785346272424424,,211680500000.0,1941666666.6666667
CVX,2021-02-25,102.35,-2.96,-34.5777027027027,-5561000000.0,239790000000.0,131688000000.0,25676000000.0,-0.04222860093554462,-0.023191125568205514,0.19497600388797764,192286604729.72974,1878716216.2162163
CVX,2020-11-05,72.14,-0.12,-601.1666666666667,-209000000.0,223063000000.0,131774000000.0,,-0.0015860488411978083,-0.0009369550306415677,,125643833333.33334,1741666666.6666667
HD,2025-05-28,368.06,3.46,106.37572254335261,3433000000.0,99157000000.0,7955000000.0,,0.4315524827152734,0.034621862299182106,,365187855491.32947,992196531.7919075
HD,2025-03-21,351.15,14.96,23.472593582887697,14806000000.0,96119000000.0,6640000000.0,51365000000.0,2.2298192771084335,0.15403822345217907,7.735692771084337,347535220588.2353,989705882.3529412
HD,2024-11-19,406.8,3.68,110.54347826086956,3648000000.0,97264000000.0,5786000000.0,,0.6304873833390944,0.0375061687777595,,403262608695.65216,991304347.8260869
HD,2024-08-20,367.27,4.61,79.66811279826463,4561000000.0,96846000000.0,4420000000.0,,1.031900452488688,0.04709538855502551,,363366262472.885,989370932.7548807
HD,2024-05-21,336.15,3.64,92.3489010989011,3600000000.0,79230000000.0,1820000000.0,,1.978021978021978,0.045437334343051874,,332456043956.0439,989010989.010989
HD,2024-03-13,378.99,15.16,24.999340369393142,15143000000.0,76530000000.0,1044000000.0,42150000000.0,14.504789272030651,0.19787011629426368,40.37356321839081,378565011213.72034,998878627.9683378
HD,2023-11-21,305.34,3.83,79.72323759791122,3810000000.0,75577000000.0,1430000000.0,,2.664335664335664,0.05041216243036903,,303745535248.04175,994778067.8851175
HD,2023-08-22,324.48,4.66,69.63090128755366,4659000000.0,76387000000.0,1335000000.0,,3.4898876404494383,0.06099205362168955,,324410369098.71246,999785407.7253219
HD,2023-05-23,294.94,3.83,77.00783289817232,3873000000.0,76386000000.0,362000000.0,,10.69889502762431,0.050703008404681484,,298251336814.6214,1011227154.0469974
HD,2023-03-15,287.97,16.74,17.20250896057348,17105000000.0,76445000000.0,1562000000.0,41150000000.0,10.950704225352112,0.2237556413107463,26.344430217669654,294248915770.6094,1021804062.1266428
HD,2022-11-22,324.88,4.25,76.44235294117647,4339000000.0,76866000000.0,1298000000.0,,3.342835130970724,0.05644888507272396,,331683369411.7647,1020941176.4705882
HD,2022-08-23,306.9,5.06,60.65217391304348,5173000000.0,75825000000.0,237000000.0,,21.827004219409282,0.06822288163534454,,313753695652.1739,1022332015.8102767
HD,2022-05-24,287.92,4.11,70.05352798053528,4231000000.0,76567000000.0,-1709000000.0,,-2.47571679344646,0.05525879295257748,,296396476885.6448,1029440389.2944038
HD,2022-03-23,317.05,15.59,20.336754329698525,16433000000.0,71876000000.0,-1696000000.0,36400000000.0,-9.689268867924529,0.2286298625410429,-21.462264150943398,334193883899.93585,1054073123.797306
HD,2021-11-23,408.37,3.94,103.64720812182742,4129000000.0,73031000000.0,1035000000.0,,3.9893719806763284,0.0565376347030713,,427959322335.0254,1047969543.1472081
HD,2021-08-24,324.9,4.54,71.56387665198237,4807000000.0,70769000000.0,2069000000.0,,2.3233446109231513,0.06792522149528749,,344007555066.0793,1058810572.6872246
HD,2021-05-25,316.75,3.87,81.84754521963823,4145000000.0,72567000000.0,1748000000.0,,2.3712814645308926,0.05711962737883611,,339258074935.4005,1071059431.5245478
HD,2021-03-24,292.75,11.98,24.436560934891485,12866000000.0,70581000000.0,3299000000.0,34750000000.0,3.899969687784177,0.182287017752653,10.53349499848439,314400792988.31384,1073956594.323873
HD,2020-11-24,273.31,3.2,85.409375,3432000000.0,66919000000.0,1535000000.0,,2.2358306188925083,0.05128588293309822,,293124975000.0,1072500000.0
WMT,2025-06-06,97.47,0.56,174.05357142857142,4639000000.0,262372000000.0,83793000000.0,,0.05536261978924254,0.017681002546003386,,807434517857.1428,8283928571.428571
WMT,2025-03-14,85.35,2.42,35.268595041322314,20157000000.0,260823000000.0,91013000000.0,35999000000.0,0.2214738553832969,0.0772822948896378,0.3955369013217892,710909070247.9338,8329338842.975207
WMT,2024-12-06,95.7,0.57,167.8947368421053,4714000000.0,263399000000.0,88108000000.0,,0.05350251963499342,0.017896802949138,,791455789473.6843,8270175438.596492
WMT,2024-06-07,65.88,0.63,104.57142857142857,5307000000.0,254054000000.0,81293000000.0,,0.06528237363610644,0.02088925976367229,,554960571428.5714,8423809523.809524
WMT,2024-03-15,60.68,1.92,31.604166666666668,16270000000.0,252399000000.0,83861000000.0,39579000000.0,0.19401151906130382,0.06446142813561068,0.4719595521160015,514199791666.6667,8473958333.333334
WMT,2023-11-30,51.8967,0.17,305.2747058823529,643000000.0,259174000000.0,79456000000.0,,0.008092529198550141,0.00248095873814503,,196291635882.35294,3782352941.1764703
WMT,2023-09-01,53.8567,2.93,18.38112627986348,8053000000.0,255121000000.0,79556000000.0,,0.1012242948363417,0.03156541405842718,,148023209931.7406,2748464163.8225255
WMT,2023-06-02,49.6067,0.62,80.0108064516129,1896000000.0,245053000000.0,72405000000.0,,0.02618603687590636,0.007737101769821222,,151700489032.25806,3058064516.129032
WMT,2023-03-17,46.4667,4.29,10.831398601398602,11292000000.0,243197000000.0,76693000000.0,38840000000.0,0.14723638402461764,0.046431493809545345,0.5064347463262618,122308153006.99303,2632167832.1678324
WMT,2022-12-01,51.1233,-0.66,-77.45954545454545,-1767000000.0,247656000000.0,72253000000.0,,-0.02445573194192629,-0.007134896792324838,,136871016818.18181,2677272727.272727
WMT,2022-09-02,44.3333,1.88,23.58154255319149,5147000000.0,247199000000.0,77569000000.0,,0.06635382691539146,0.020821281639488834,,121374199521.27661,2737765957.446809
WMT,2022-06-03,41.7733,0.75,55.69773333333333,2103000000.0,246142000000.0,76896000000.0,,0.027348626716604246,0.008543848672717375,,117132333200.0,2804000000.0
WMT,2022-03-18,48.48,4.9,9.893877551020406,13940000000.0,244860000000.0,83253000000.0,37667000000.0,0.16744141352263583,0.056930490892755044,0.4524401523068238,137920653061.2245,2844897959.1836734
WMT,2021-12-01,45.7133,1.11,41.18315315315315,3132000000.0,244851000000.0,82274000000.0,,0.03806791939130223,0.012791452761066935,,128985635675.67566,2821621621.6216216
WMT,2021-09-02,49.52,1.53,32.36601307189542,4364000000.0,238552000000.0,80529000000.0,,0.054191657663698795,0.01829370535564573,,141245281045.75165,2852287581.6993465
WMT,2021-06-04,47.2833,0.97,48.745670103092785,2811000000.0,236581000000.0,78335000000.0,,0.035884342886321564,0.01188176565320123,,137024078659.79381,2897938144.329897
WMT,2021-03-19,43.9133,4.77,9.206142557651992,13706000000.0,252496000000.0,80925000000.0,44309000000.0,0.16936669755946865,0.05428204803244408,0.5475316651220266,126179389895.1782,2873375262.0545077
WMT,2020-12-02,50.1733,1.81,27.72005524861878,5201000000.0,250863000000.0,81431000000.0,45207000000.0,0.06387002492908106,0.020732431645958154,0.5551571268927067,144172007348.06628,2873480662.983425
NVDA,2025-05-28,134.81,0.77,175.07792207792207,18775000000.0,125254000000.0,83843000000.0,8464000000.0,0.2239304414202736,0.14989541252175578,0.10095058621471083,3287087987012.987,24383116883.116882
NVDA,2025-02-26,131.28,2.97,44.2020202020202,72880000000.0,111601000000.0,79327000000.0,8463000000.0,0.9187288060811577,0.6530407433625147,0.10668498745698186,3221443232323.232,24538720538.720535
NVDA,2024-08-28,125.61,0.68,184.72058823529412,16599000000.0,85227000000.0,58157000000.0,8461000000.0,0.2854170607149612,0.19476222323911435,0.14548549615695444,3066177044117.647,24410294117.647057
NVDA,2024-05-29,114.825,6.04,19.010761589403973,14881000000.0,77072000000.0,49142000000.0,9710000000.0,0.3028163281917708,0.19307919867137222,0.19759065565097067,282899143211.92053,2463741721.854305
NVDA,2024-02-21,67.472,12.05,5.599336099585061,29760000000.0,65728000000.0,42978000000.0,9709000000.0,0.6924472986178976,0.4527750730282376,0.22590627763041557,166636242323.65143,2469709543.5684648
NVDA,2023-11-21,49.944,3.75,13.3184,9243000000.0,54148000000.0,33265000000.0,9706000000.0,0.2778596122050203,0.17069882544138287,0.2917781451976552,123101971200.0,2464800000.0
NVDA,2023-08-28,46.835,2.5,18.734,6188000000.0,49555000000.0,27501000000.0,9705000000.0,0.22500999963637686,0.1248713550600343,0.35289625831787935,115925992000.0,2475200000.0
NVDA,2023-05-26,38.946,0.83,46.92289156626506,2043000000.0,44460000000.0,24520000000.0,10954000000.0,0.08331973898858075,0.04595141700404858,0.4467373572593801,95863467469.87952,2461445783.13253
NVDA,2023-02-24,23.286,1.76,13.23068181818182,4368000000.0,41182000000.0,22101000000.0,10953000000.0,0.19763811592235644,0.10606575688407557,0.4955884349124474,57791618181.81819,2481818181.818182
NVDA,2022-11-18,15.409,0.27,57.07037037037037,680000000.0,40488000000.0,21349000000.0,10950000000.0,0.03185160897465923,0.01679509978265165,0.5129045856948803,38807851851.85185,2518518518.5185184
NVDA,2022-08-31,15.094,0.26,58.05384615384615,656000000.0,43476000000.0,23851000000.0,10949000000.0,0.02750408787891493,0.015088784616800074,0.459058320405853,38083323076.92307,2523076923.076923
NVDA,2022-05-27,18.811,0.65,28.939999999999998,1618000000.0,45212000000.0,26320000000.0,10947000000.0,0.0614741641337386,0.035786959214367864,0.415919452887538,46824920000.0,2489230769.230769
NVDA,2022-03-18,26.453,3.91,6.76547314578005,9752000000.0,44187000000.0,26612000000.0,10946000000.0,0.3664512250112731,0.22069839545567702,0.41131820231474525,65976894117.64706,2494117647.0588236
NVDA,2021-11-22,31.956,0.99,32.27878787878788,2464000000.0,40632000000.0,23798000000.0,10944000000.0,0.10353811244642407,0.06064185863358929,0.459870577359442,79534933333.33333,2488888888.888889
NVDA,2021-08-20,20.816,0.95,21.911578947368422,2374000000.0,38650000000.0,21147000000.0,11943000000.0,0.11226178654182627,0.06142302716688228,0.5647609590012768,52018088421.052635,2498947368.421053
NVDA,2021-05-26,15.7,3.08,5.097402597402597,1912000000.0,30796000000.0,18774000000.0,6963000000.0,0.10184297432619581,0.06208598519288219,0.3708852668584212,9746233766.233767,620779220.7792208
NVDA,2021-02-26,13.7145,7.02,1.9536324786324786,4332000000.0,28791000000.0,16893000000.0,6963000000.0,0.2564375776949032,0.1504636865687194,0.41218256082400995,8463135897.435898,617094017.0940171
NVDA,2020-11-18,13.4288,2.16,6.217037037037037,1336000000.0,26881000000.0,15334000000.0,6961000000.0,0.0871266466675362,0.04970053197425691,0.4539585235424547,8305961481.481481,618518518.5185184
TSLA,2025-04-23,250.74,0.13,1928.7692307692307,420000000.0,125111000000.0,74653000000.0,5080000000.0,0.0056260297643765155,0.0033570189671571645,0.06804816953103024,810083076923.077,3230769230.769231
TSLA,2025-01-30,400.28,2.23,179.49775784753362,7153000000.0,122070000000.0,72913000000.0,5535000000.0,0.09810321890472207,0.058597526009666584,0.07591238873726222,1283947461883.408,3207623318.38565
TSLA,2024-10-24,260.48,0.68,383.05882352941177,2183000000.0,119852000000.0,69931000000.0,5275000000.0,0.031216484820751882,0.018214130761272235,0.07543149676109308,836217411764.7058,3210294117.6470585
TSLA,2024-07-24,215.99,0.46,469.54347826086956,1494000000.0,112832000000.0,66468000000.0,5338000000.0,0.022476981404585664,0.013240924560408394,0.08030932177890113,701497956521.7391,3247826086.9565215
TSLA,2024-04-24,162.13,0.37,438.18918918918916,1144000000.0,109226000000.0,64378000000.0,2739000000.0,0.017770045667774705,0.010473696738871698,0.042545590108422134,501288432432.43243,3091891891.891892
TSLA,2024-01-29,190.93,4.73,40.36575052854123,14974000000.0,106618000000.0,62634000000.0,2682000000.0,0.23907143085225277,0.14044532818098257,0.04282019350512501,604436748414.3763,3165750528.541226
TSLA,2023-10-23,212.08,0.58,365.65517241379314,1878000000.0,93941000000.0,53466000000.0,2152000000.0,0.03512512624845696,0.01999127111697768,0.04024987842741181,686700413793.1035,3237931034.482759
TSLA,2023-07-24,269.06,0.85,316.54117647058825,2614000000.0,90591000000.0,51130000000.0,504000000.0,0.05112458439272443,0.028854963517347197,0.009857226677097595,827438635294.1177,3075294117.647059
TSLA,2023-04-24,162.55,0.8,203.1875,2539000000.0,86833000000.0,48054000000.0,817000000.0,0.05283639239189245,0.029240035470385683,0.017001706413618013,515893062500.00006,3173750000.0
TSLA,2023-01-31,173.22,4.02,43.08955223880597,12587000000.0,82338000000.0,44704000000.0,1029000000.0,0.28156317108088763,0.15286987782069034,0.0230180744452398,542368194029.8508,3131094527.3631845
TSLA,2022-10-24,211.25,1.05,201.19047619047618,3331000000.0,74426000000.0,39851000000.0,1418000000.0,0.0835863591879752,0.04475586488592696,0.03558254498005069,670165476190.4762,3172380952.3809524
TSLA,2022-07-25,268.4333,2.18,123.13454128440365,2269000000.0,68513000000.0,36376000000.0,2095000000.0,0.06237629206069936,0.03311780246084685,0.05759291840774137,279392274174.3119,1040825688.0733944
TSLA,2022-04-25,332.6733,3.2,103.96040624999999,3280000000.0,66038000000.0,34085000000.0,2253000000.0,0.0962300132022884,0.04966837275508041,0.06609945723925481,340990132500.0,1025000000.0
TSLA,2022-02-07,302.4467,5.6,54.00833928571429,5644000000.0,62131000000.0,30189000000.0,4254000000.0,0.18695551359766802,0.09084032125669955,0.14091225280731393,304823066928.5715,1007857142.8571429
TSLA,2021-10-25,341.62,1.62,210.87654320987653,1659000000.0,57834000000.0,27053000000.0,5439000000.0,0.061324067571064206,0.02868554829339143,0.20104979115070418,349844185185.1852,1024074074.074074
TSLA,2021-07-27,214.9267,1.18,182.1412711864407,1178000000.0,55146000000.0,24804000000.0,6878000000.0,0.04749233994517013,0.02136147680702136,0.27729398484115464,214562417457.62714,998305084.7457627
TSLA,2021-04-28,231.4667,0.46,503.18847826086954,464000000.0,52972000000.0,23017000000.0,8019000000.0,0.020159012903506104,0.008759344559389867,0.3483946648129643,233479453913.04346,1008695652.173913
TSLA,2021-02-08,287.8067,0.74,388.92797297297295,862000000.0,52148000000.0,22225000000.0,8462000000.0,0.038785151856017996,0.01652987650533098,0.38074240719910013,335255912702.70264,1164864864.8648648
TSLA,2020-10-26,140.0933,0.32,437.7915625,369000000.0,45691000000.0,16031000000.0,9428000000.0,0.023017902813299233,0.0080759887067475,0.5881105358368162,161545086562.5,1153125000.0
UNH,2025-05-07,391.06,6.9,56.67536231884058,6474000000.0,309790000000.0,95038000000.0,,0.06812012037290346,0.020898027696181286,,366916295652.1739,938260869.5652174
UNH,2025-02-27,468.56,15.64,29.959079283887466,15242000000.0,298278000000.0,92658000000.0,,0.16449739903732002,0.05109998055505267,,456636286445.01276,974552429.6675191
UNH,2024-11-04,557.77,6.56,85.02591463414635,6258000000.0,299309000000.0,94535000000.0,,0.06619770455386893,0.020908158458315652,,532092173780.48785,953963414.6341465
UNH,2024-08-09,558.76,4.58,122.0,4421000000.0,286056000000.0,94676000000.0,,0.046696100384469134,0.015455015801101882,,539362000000.0,965283842.7947599
UNH,2024-05-09,507.03,-1.53,-331.3921568627451,-1221000000.0,284210000000.0,92370000000.0,,-0.013218577460214355,-0.004296119066887161,,404629823529.41174,798039215.6862745
UNH,2024-02-28,498.28,24.12,20.65837479270315,23144000000.0,273720000000.0,88756000000.0,,0.26075983595475233,0.08455355838082712,,478117426202.3217,959535655.0580431
UNH,2023-11-06,533.46,6.31,84.5419968304279,6038000000.0,282063000000.0,84494000000.0,,0.07146069543399532,0.021406565199973054,,510464576862.12366,956893819.3343899
UNH,2023-08-02,504.8,5.89,85.70458404074704,5657000000.0,280164000000.0,87368000000.0,,0.06474910722461313,0.020191744835167974,,484830831918.506,960441426.1460103
UNH,2023-05-03,489.44,6.01,81.43760399334442,5774000000.0,283679000000.0,85821000000.0,,0.06727957026834924,0.020353991659587067,,470220725457.57074,960732113.1447588
UNH,2023-02-24,484.33,21.47,22.558453656264554,20639000000.0,245705000000.0,77772000000.0,,0.2653782852440467,0.08399910461732565,,465583925011.64417,961294829.9953424
UNH,2022-11-02,543.43,5.63,96.52397868561278,5384000000.0,243064000000.0,74646000000.0,,0.07212710660986522,0.022150544712503703,,519685101243.3392,956305506.2166963
UNH,2022-08-03,540.65,5.41,99.93530499075784,5199000000.0,230172000000.0,76205000000.0,,0.06822386982481464,0.022587456337000156,,519563650646.9501,960998151.5711645
UNH,2022-05-04,507.62,5.34,95.05992509363296,5148000000.0,221238000000.0,76128000000.0,,0.06762295081967214,0.023269058660808722,,489368494382.0225,964044943.8202248
UNH,2022-02-15,478.23,18.33,26.090016366612115,17732000000.0,212206000000.0,71760000000.0,,0.24710144927536232,0.08356031403447593,,462628170212.76605,967375886.5248228
UNH,2021-11-03,457.33,4.33,105.6189376443418,4191000000.0,213045000000.0,70278000000.0,,0.059634594040809355,0.01967190030275294,,442648967667.43646,967898383.3718245
UNH,2021-08-03,421.9,4.52,93.34070796460178,4372000000.0,210292000000.0,72022000000.0,,0.06070367387742634,0.020790139425180227,,408085575221.23895,967256637.1681417
UNH,2021-05-05,412.5,5.14,80.25291828793775,4978000000.0,205171000000.0,69313000000.0,,0.07181913926680421,0.02426268819667497,,399499027237.35406,968482490.2723736
UNH,2021-03-01,334.65,16.23,20.61922365988909,15769000000.0,197289000000.0,65491000000.0,,0.2407811760394558,0.07992842986684509,,325144537892.7911,971595810.2279729
UNH,2020-11-02,312.1,3.34,93.4431137724551,3256000000.0,190969000000.0,65231000000.0,,0.049914917753828704,0.017049887678104822,,304250778443.11383,974850299.4011977
VZ,2025-04-25,41.91,1.16,36.12931034482759,4983000000.0,380364000000.0,100722000000.0,,0.049472806338237925,0.013100608890431272,,180032353448.27585,4295689655.172414
VZ,2024-10-25,41.38,0.78,53.05128205128205,3411000000.0,381164000000.0,96326000000.0,,0.03541100014533979,0.008948903883892498,,180957923076.9231,4373076923.076923
VZ,2024-07-25,39.95,1.09,36.65137614678899,4702000000.0,379146000000.0,96172000000.0,,0.0488915692717215,0.012401555073771053,,172334770642.20184,4313761467.889908
VZ,2024-04-25,39.22,1.09,35.981651376146786,4722000000.0,380158000000.0,94334000000.0,,0.05005618334852757,0.012421151205551376,,169905357798.16513,4332110091.743119
VZ,2024-02-09,39.72,2.76,14.391304347826088,12095000000.0,380255000000.0,92430000000.0,,0.13085578275451692,0.03180760279286268,,174062826086.95654,4382246376.811595
VZ,2023-10-26,34.47,1.13,30.504424778761063,4884000000.0,384830000000.0,97741000000.0,,0.04996879508087701,0.012691318244419613,,148983610619.46902,4322123893.80531
VZ,2023-07-28,34.03,1.1,30.936363636363634,4766000000.0,379955000000.0,95193000000.0,,0.05006670658556827,0.01254359068837099,,147442709090.90906,4332727272.727272
VZ,2023-04-27,38.79,1.17,33.15384615384615,5018000000.0,377716000000.0,92883000000.0,,0.054024956127601394,0.013285113683296445,,166366000000.0,4288888888.8888893
VZ,2023-02-10,40.01,5.06,7.907114624505929,21748000000.0,379680000000.0,91144000000.0,,0.23861142806986746,0.057279814580699535,,171963928853.75494,4298023715.41502
VZ,2022-10-25,36.43,1.17,31.13675213675214,5024000000.0,375090000000.0,87468000000.0,,0.057438148808707186,0.013394118744834572,,156431042735.04272,4294017094.017094
VZ,2022-07-28,45.55,1.24,36.733870967741936,5315000000.0,370147000000.0,86016000000.0,,0.06179082961309524,0.01435916000940167,,195240524193.54837,4286290322.580645
VZ,2022-04-27,48.46,1.09,44.45871559633027,4711000000.0,365716000000.0,83762000000.0,,0.05624268761490891,0.012881580242592613,,209445009174.31192,4322018348.623853
VZ,2022-02-11,53.32,5.32,10.022556390977444,22618000000.0,366596000000.0,81790000000.0,,0.2765374740188287,0.06169734530654999,,226690180451.1278,4251503759.398496
VZ,2021-10-26,53.08,1.55,34.24516129032258,6554000000.0,353457000000.0,77044000000.0,,0.08506827267535434,0.018542566705426686,,224442787096.77417,4228387096.7741933
VZ,2021-07-28,55.72,1.4,39.800000000000004,5949000000.0,349190000000.0,73684000000.0,,0.08073665924759785,0.017036570348520862,,236770200000.0,4249285714.2857146
VZ,2021-04-27,56.32,1.27,44.346456692913385,5378000000.0,345573000000.0,71232000000.0,,0.07549977538185085,0.015562558417468958,,238495244094.4882,4234645669.2913384
VZ,2021-02-25,56.5,4.3,13.13953488372093,18348000000.0,316481000000.0,67842000000.0,,0.2704519324312373,0.05797504431545654,,241084186046.51163,4266976744.1860466
VZ,2020-10-27,57.38,1.05,54.647619047619045,4504000000.0,296994000000.0,65069000000.0,,0.06921882924280379,0.015165289534468709,,246132876190.4762,4289523809.5238094
PG,2025-04-24,159.53,1.58,100.96835443037975,3793000000.0,122984000000.0,52272000000.0,,0.07256274869911233,0.030841410264749885,,382972968354.43036,2400632911.392405
PG,2025-01-22,164.74,1.94,84.91752577319588,4659000000.0,122639000000.0,51443000000.0,,0.09056625779989504,0.037989546555337206,,395630752577.3196,2401546391.7525773
PG,2024-10-18,171.28,1.65,103.80606060606061,3987000000.0,126482000000.0,52141000000.0,,0.07646573713584319,0.031522271943833904,,413874763636.36365,2416363636.3636365
PG,2024-08-05,168.06,6.18,27.194174757281555,14974000000.0,122370000000.0,50287000000.0,,0.2977707956330662,0.12236659311922857,,407205572815.53406,2422977346.2783175
PG,2024-04-19,158.14,1.56,101.37179487179486,3781000000.0,119598000000.0,50058000000.0,,0.07553238243637381,0.03161424104082008,,383286756410.25635,2423717948.7179484
PG,2024-01-23,153.98,1.44,106.93055555555556,3493000000.0,120709000000.0,48829000000.0,,0.07153535808638309,0.028937361754301668,,373508430555.55554,2425694444.4444447
PG,2023-10-18,150.03,1.89,79.38095238095238,4556000000.0,122531000000.0,48014000000.0,,0.0948889907110426,0.037182427304110796,,361659619047.6191,2410582010.5820107
PG,2023-08-04,155.28,6.07,25.58154859967051,14738000000.0,120829000000.0,46777000000.0,,0.31506937169976695,0.12197402941346862,,377020863261.944,2428006589.785832
PG,2023-04-21,156.07,1.41,110.68794326241135,3424000000.0,119851000000.0,45140000000.0,,0.07585290208241027,0.028568806267782496,,378995517730.4965,2428368794.3262415
PG,2023-01-19,142.42,1.63,87.37423312883435,3959000000.0,117715000000.0,44725000000.0,,0.0885187255449972,0.03363207747525804,,345914588957.0552,2428834355.828221
PG,2022-10-19,129.56,1.62,79.9753086419753,3963000000.0,116282000000.0,44334000000.0,,0.08938963323859792,0.03408094116028276,,316942148148.14813,2446296296.296296
PG,2022-08-05,144.72,6.0,24.12,14793000000.0,117208000000.0,46589000000.0,,0.31752130331194056,0.1262115213978568,,356807160000.0,2465500000.0
PG,2022-04-20,163.65,1.37,119.45255474452554,3367000000.0,120217000000.0,45478000000.0,,0.0740357975284753,0.02800768610096742,,402196751824.8175,2457664233.576642
PG,2022-01-19,162.0,1.72,94.18604651162791,4242000000.0,121416000000.0,44893000000.0,,0.09449134608959081,0.03493773473018383,,399537209302.32556,2466279069.7674417
PG,2021-10-19,140.66,1.66,84.73493975903615,4126000000.0,119669000000.0,46408000000.0,,0.08890708498534736,0.034478436353608706,,349616361445.78314,2485542168.674699
PG,2021-08-06,141.41,5.69,24.852372583479788,14352000000.0,119307000000.0,46378000000.0,,0.30945707016257706,0.12029470190349267,,356681251318.10187,2522319859.40246
PG,2021-04-20,137.75,1.3,105.96153846153845,3249000000.0,116778000000.0,46596000000.0,,0.06972701519443729,0.027822021271129836,,344269038461.53845,2499230769.230769
PG,2021-01-20,131.93,1.53,86.22875816993465,3887000000.0,120112000000.0,48540000000.0,,0.08007828594973218,0.03236146263487412,,335171183006.53595,2540522875.816993
PG,2020-10-20,142.48,1.69,84.3076923076923,4308000000.0,119899000000.0,48576000000.0,,0.08868577075098814,0.035930241286416066,,363197538461.53845,2549112426.035503
KO,2025-05-01,71.29,0.77,92.5844155844156,3335000000.0,101716000000.0,26202000000.0,,0.1272803602778414,0.03278736875221204,,308769025974.026,4331168831.168831
KO,2025-02-20,70.04,2.47,28.356275303643724,10649000000.0,100549000000.0,24856000000.0,,0.42842774380431287,0.10590856199464938,,301965975708.502,4311336032.388663
KO,2024-10-24,67.3,0.66,101.96969696969695,2850000000.0,106266000000.0,26518000000.0,,0.107474168489328,0.0268194907119869,,290613636363.63635,4318181818.181818
KO,2024-07-29,66.83,0.56,119.3392857142857,2401000000.0,101202000000.0,25853000000.0,,0.09287123351255173,0.023724827572577618,,286533624999.99994,4287499999.9999995
KO,2024-05-02,61.99,0.74,83.77027027027027,3185000000.0,99392000000.0,26429000000.0,36496000000.0,0.1205115592720118,0.03204483258209916,1.3809073366377842,266808310810.81082,4304054054.054054
KO,2024-02-20,60.7,2.48,24.475806451612904,10703000000.0,97703000000.0,25941000000.0,37507000000.0,0.41259010832273235,0.10954627800579307,1.4458579083304421,261964556451.61288,4315725806.451612
KO,2023-10-24,55.64,0.71,78.36619718309859,3083000000.0,97578000000.0,26325000000.0,36256000000.0,0.11711301044634378,0.031595236631207856,1.3772459639126307,241602985915.49295,4342253521.1267605
KO,2023-07-27,62.44,0.59,105.83050847457628,2521000000.0,98456000000.0,26013000000.0,36797000000.0,0.09691308192057817,0.02560534655074348,1.4145619497943336,266798711864.4068,4272881355.932204
KO,2023-04-26,63.55,0.72,88.26388888888889,3113000000.0,97404000000.0,25217000000.0,36945000000.0,0.12344846730380299,0.03195967311404049,1.465083078875362,274765486111.11115,4323611111.111112
KO,2023-02-21,59.8,2.2,27.18181818181818,9571000000.0,92763000000.0,24105000000.0,36776000000.0,0.39705455299730347,0.10317691320893028,1.5256585770587014,260157181818.1818,4350454545.454545
KO,2022-10-26,59.39,0.65,91.36923076923077,2822000000.0,92471000000.0,22805000000.0,36191000000.0,0.1237447928085946,0.030517675811876154,1.5869765402324052,257843969230.76926,4341538461.538462
KO,2022-07-27,63.01,0.44,143.20454545454544,1900000000.0,93169000000.0,23005000000.0,37543000000.0,0.08259074114322973,0.020393049190181284,1.6319495761790914,272088636363.63635,4318181818.181818
KO,2022-04-28,66.19,0.64,103.421875,2793000000.0,94064000000.0,24845000000.0,38091000000.0,0.11241698530891528,0.029692549753359415,1.5331455021131013,288857296875.0,4364062500.0
KO,2022-02-22,62.28,2.26,27.557522123893808,9804000000.0,94354000000.0,22999000000.0,39454000000.0,0.426279403452324,0.10390656463954893,1.7154658898212967,270173946902.65488,4338053097.345133
KO,2021-10-28,56.04,0.57,98.31578947368422,2475000000.0,90606000000.0,22179000000.0,39842000000.0,0.11159204653050182,0.027316071783325607,1.796383966815456,243331578947.36844,4342105263.157895
KO,2021-07-26,57.06,0.61,93.54098360655739,2624000000.0,90194000000.0,22249000000.0,40141000000.0,0.11793788484875725,0.02909284431336896,1.8041709739763585,245451540983.60654,4301639344.262295
KO,2021-04-27,53.58,0.52,103.03846153846153,2255000000.0,89993000000.0,20355000000.0,43050000000.0,0.11078359125521985,0.02505750447257009,2.1149594694178333,232351730769.23077,4336538461.538462
KO,2021-02-25,50.17,1.8,27.872222222222224,7768000000.0,87296000000.0,19299000000.0,40610000000.0,0.40250790196383235,0.08898460410557185,2.104254106430385,216511422222.22223,4315555555.555555
KO,2020-10-22,50.68,0.4,126.69999999999999,1740000000.0,97184000000.0,18607000000.0,47010000000.0,0.09351319395926265,0.017904181758314125,2.5264685333476646,220458000000.0,4350000000.0
