date,AAPL,AMZN,BAC,CVX,GOOGL,HD,JNJ,JPM,KO,MSFT,NVDA,PFE,PG,TSLA,UNH,VZ,WMT,XOM
2024-01-02,185.64,149.93,33.9,149.48,138.17,345.08,159.97,172.08,59.82,370.87,48.168,29.73,148.74,248.42,539.34,38.88,53.0967,102.36
2024-01-03,184.25,148.47,33.53,152.33,138.92,338.26,160.97,171.33,59.96,370.6,47.569,29.73,147.84,238.45,542.03,39.16,53.1,103.22
2024-01-04,181.91,144.57,33.8,150.66,136.39,338.59,160.63,171.41,59.76,367.94,47.998,29.09,148.65,237.93,545.42,39.37,52.5867,102.32
2024-01-05,181.18,145.24,34.43,150.4,135.73,342.94,161.13,172.27,59.67,367.75,49.097,29.47,147.42,237.49,537.38,40.2,52.2367,102.63
2024-01-08,185.56,149.1,34.16,149.5,138.84,347.93,161.53,172.02,60.11,374.69,52.253,29.58,148.69,240.45,536.52,40.1,52.75,100.92
2024-01-09,185.14,151.37,33.63,145.7,140.95,346.19,161.63,170.66,60.0,375.79,53.14,29.4,149.3,234.96,538.37,39.04,53.1033,99.67
2024-01-10,186.19,153.73,33.6,144.5,142.28,356.8,161.87,171.02,60.2,382.77,54.35,28.99,149.94,233.94,537.64,39.08,53.7633,98.69
2024-01-11,185.59,155.18,33.15,145.28,142.08,356.53,161.15,170.3,59.81,384.63,54.822,28.4,150.51,227.22,539.68,37.9,53.7033,98.67
2024-01-12,185.92,154.62,32.8,147.27,142.65,355.71,162.39,169.05,60.39,388.47,54.71,28.7,150.6,218.89,521.51,38.56,53.7733,99.95
2024-01-16,183.63,153.16,32.12,143.69,142.49,358.43,160.52,167.99,59.99,390.27,56.382,28.32,149.79,219.91,519.15,39.29,53.9433,97.69
2024-01-17,182.68,151.71,31.8,143.12,141.47,355.7,160.43,167.09,59.99,389.47,56.053,28.15,149.94,215.55,524.94,38.87,53.69,96.98
2024-01-18,188.63,153.5,31.73,141.82,143.48,357.9,161.21,167.42,60.16,393.87,57.107,28.09,148.14,211.88,516.34,38.94,54.4133,96.8
2024-01-19,191.56,155.34,32.22,142.24,146.38,362.41,161.68,170.31,59.83,398.67,59.491,28.28,147.57,212.19,503.56,39.33,54.1267,96.95
2024-01-22,193.89,154.78,32.55,142.49,145.99,356.69,162.47,170.11,59.57,396.51,59.654,28.31,147.86,208.8,512.99,39.58,54.13,96.82
2024-01-23,195.18,156.02,32.77,142.09,147.04,350.78,159.81,168.99,59.85,398.9,59.873,28.43,153.98,209.14,515.52,42.23,54.2667,97.91
2024-01-24,194.5,156.87,32.98,144.92,148.7,347.27,158.96,170.5,58.91,402.56,61.362,28.33,152.12,207.83,513.23,41.28,53.5,99.6
2024-01-25,194.17,157.75,33.39,148.57,151.87,350.97,159.56,172.94,59.16,404.87,61.617,27.47,155.62,182.63,493.4,42.29,54.28,102.13
2024-01-26,192.42,159.12,33.43,149.14,152.185,355.3,159.5,172.28,59.37,403.93,61.031,27.47,156.14,183.25,503.2,42.4,54.7567,103.0
2024-01-29,191.73,161.26,33.61,149.08,153.51,355.7,159.36,172.73,59.73,409.72,62.465,27.48,156.16,190.93,504.54,42.05,55.0133,103.13
2024-01-30,188.04,159.0,34.79,150.12,151.46,357.1,158.77,176.27,59.9,408.59,62.774,27.02,157.49,191.59,503.61,42.47,55.1967,104.85
2024-01-31,184.4,155.2,34.01,147.43,140.1,352.96,158.9,174.36,59.49,397.58,61.527,27.08,157.14,187.29,511.74,42.35,55.0833,102.81
2024-02-01,186.86,159.28,33.55,147.89,141.16,360.07,158.36,173.73,60.98,403.78,63.027,27.29,159.18,188.86,507.14,42.49,56.1033,102.39
2024-02-02,185.85,171.81,33.47,152.24,142.38,357.23,156.61,174.73,60.54,411.22,66.16,26.93,158.09,187.91,510.23,42.13,56.5233,101.97
2024-02-05,187.68,170.31,32.99,152.33,143.68,355.14,155.8,174.5,60.04,405.65,69.332,26.57,158.21,181.06,502.96,41.38,56.22,101.55
2024-02-06,189.3,169.15,33.04,152.35,144.1,356.25,158.06,175.1,59.94,405.49,68.223,27.5,158.96,185.1,510.67,41.1,56.6033,102.25
2024-02-07,189.41,170.53,33.18,152.13,145.54,362.69,157.98,175.43,59.99,414.05,70.099,27.56,159.12,187.58,519.39,40.42,56.46,102.22
2024-02-08,188.32,169.84,33.12,154.06,145.91,363.72,156.4,174.8,59.83,414.11,69.641,27.57,158.64,189.56,520.09,39.91,56.4567,103.97
2024-02-09,188.85,174.45,33.07,151.04,149.0,363.15,156.76,175.01,59.56,420.55,72.133,27.56,157.42,193.57,518.22,39.72,56.4267,101.77
2024-02-12,187.15,172.34,33.62,152.08,147.53,365.45,157.85,175.79,59.7,415.26,72.248,27.66,157.11,188.13,517.64,40.1,56.7667,103.17
2024-02-13,185.04,168.64,32.75,150.6,145.14,357.59,156.47,174.26,59.35,406.32,72.128,26.97,156.27,184.02,516.85,40.13,56.38,101.34
2024-02-14,184.15,170.98,33.13,151.01,145.94,358.23,155.74,176.03,59.29,409.49,73.9,27.11,155.63,188.71,516.94,40.15,56.2,100.84
2024-02-15,183.86,169.8,34.07,154.46,142.77,361.08,157.92,179.87,59.4,406.56,72.658,27.51,157.01,200.45,520.88,40.59,56.43,103.73
2024-02-16,182.31,169.51,34.09,154.63,140.52,362.35,156.55,179.03,59.39,404.06,72.613,27.62,157.51,199.95,521.55,40.49,56.7867,103.73
2024-02-20,181.56,167.08,33.96,154.0,141.12,362.57,157.86,179.73,60.7,402.79,69.452,27.59,158.51,193.76,521.06,40.5,58.62,102.75
2024-02-21,182.32,168.59,33.7,155.44,142.55,364.13,158.68,180.9,61.24,402.18,67.472,27.67,160.4,194.77,521.97,41.1,57.9,104.85
2024-02-22,184.37,174.58,33.61,155.43,144.09,371.34,160.45,183.07,61.15,411.65,78.538,27.55,160.56,197.41,526.5,40.73,58.47,104.76
2024-02-23,182.52,174.99,33.92,154.66,143.96,371.96,161.84,183.99,61.2,410.34,78.817,27.76,161.03,191.97,527.24,40.66,58.52,103.84
2024-02-26,181.16,174.73,33.61,154.45,137.57,371.6,160.79,183.36,60.71,407.54,79.092,27.18,160.22,199.4,525.32,39.69,59.6,104.25
2024-02-27,182.63,173.54,34.28,152.16,138.88,375.56,160.98,183.45,60.34,407.48,78.701,26.89,159.3,199.73,513.42,39.93,59.59,104.03
2024-02-28,181.42,173.16,34.31,152.34,136.38,377.61,161.55,184.38,60.4,407.72,77.663,27.04,160.05,202.04,498.28,40.1,59.62,104.32
2024-02-29,180.75,176.76,34.52,152.01,138.46,380.61,161.38,186.06,60.02,413.64,79.112,26.56,158.94,201.88,493.6,40.02,58.61,104.52
2024-03-01,179.66,178.22,34.35,152.81,137.14,384.45,162.12,185.29,59.53,415.5,82.279,26.59,158.85,202.64,489.53,40.2,58.76,105.84
2024-03-04,175.1,177.58,35.15,148.88,133.35,380.37,159.84,186.68,59.81,414.92,85.237,25.89,159.56,188.14,481.87,40.31,59.3,104.36
2024-03-05,170.12,174.12,35.39,149.59,132.67,378.45,159.97,188.55,59.52,402.65,85.964,26.08,159.32,180.74,473.15,40.35,60.04,105.64
2024-03-06,169.12,173.51,35.42,148.33,131.4,377.44,159.34,189.53,59.55,402.09,88.7,27.19,159.57,176.54,472.6,39.93,60.57,106.77
2024-03-07,169.0,176.82,35.63,149.37,134.38,376.55,158.87,187.87,59.44,409.14,92.669,26.79,160.62,178.65,478.78,39.53,60.36,107.37
2024-03-08,170.73,175.35,35.6,149.88,135.41,373.35,159.52,188.22,59.52,406.22,87.528,27.22,160.35,175.34,476.57,39.51,60.12,108.38
2024-03-11,172.75,171.96,35.89,152.0,137.67,371.52,161.23,188.29,60.24,404.52,85.774,28.37,161.55,177.77,489.15,40.13,60.66,109.02
2024-03-12,173.23,175.39,35.96,151.89,138.5,374.54,162.74,189.84,60.5,415.28,91.913,28.01,161.93,177.54,489.35,40.13,61.41,108.32
2024-03-13,171.13,176.555,36.08,153.89,139.79,378.99,161.1,191.38,61.12,415.1,90.888,28.22,162.3,169.48,488.0,40.26,61.28,109.53
2024-03-14,173.0,178.75,35.69,155.7,143.1,375.27,159.21,187.97,60.5,425.22,87.944,28.13,161.5,162.5,489.0,39.77,61.02,111.47
2024-03-15,172.62,174.42,35.41,155.55,141.18,373.23,158.18,190.3,59.88,416.42,87.8365,27.94,161.38,163.57,490.82,39.49,60.68,111.27
2024-03-18,173.72,174.48,36.01,155.41,147.68,371.91,156.76,192.66,60.13,417.32,88.455,27.72,161.21,173.8,487.05,39.93,60.86,112.3
2024-03-19,176.08,175.9,36.03,156.62,147.03,379.41,156.21,193.79,60.23,421.41,89.398,27.63,161.83,171.32,493.32,39.97,60.87,113.09
2024-03-20,178.67,178.15,36.75,154.55,148.74,384.41,155.76,196.33,60.75,425.23,90.372,27.7,161.99,175.66,494.23,40.12,61.25,112.99
2024-03-21,171.37,178.15,37.51,154.86,147.6,395.2,155.75,199.06,60.47,429.37,91.435,27.66,161.86,172.82,491.69,40.54,61.45,113.49
2024-03-22,172.28,178.87,37.05,154.66,150.77,390.28,155.23,196.62,60.49,428.74,94.289,27.36,161.66,170.83,490.07,40.37,60.87,113.49
2024-03-25,170.85,179.71,36.86,156.47,150.07,383.51,155.22,194.82,60.4,422.86,95.002,27.43,160.19,172.63,485.88,40.87,60.57,114.65
2024-03-26,169.71,178.3,37.09,155.27,150.67,379.93,155.77,195.73,60.54,421.65,92.561,27.59,160.55,177.67,492.31,40.85,60.51,113.79
2024-03-27,173.31,179.83,37.81,156.35,150.87,385.89,157.96,199.52,61.03,421.43,90.25,27.78,162.61,179.83,493.1,41.54,60.72,114.97
2024-03-28,171.48,180.38,37.92,157.74,150.93,383.6,158.19,200.3,61.18,420.72,90.356,27.75,162.25,175.79,494.7,41.96,60.17,116.24
2024-04-01,170.03,180.97,37.52,159.08,155.49,368.03,157.78,198.94,60.68,424.57,90.363,27.72,160.58,175.22,489.7,42.28,60.0,116.99
2024-04-02,168.84,180.69,37.3,159.78,154.56,363.0,157.73,198.86,60.15,421.44,89.452,27.55,160.57,166.63,458.14,42.54,59.16,119.28
2024-04-03,169.65,182.41,37.44,160.44,154.92,359.9,154.26,198.3,59.83,420.45,88.964,27.22,156.15,168.38,459.74,42.84,59.43,119.3
2024-04-04,168.82,180.0,36.92,160.69,150.53,357.68,152.5,195.65,59.3,417.88,85.905,26.65,155.45,171.11,455.38,42.45,59.5,119.72
2024-04-05,169.58,185.07,37.11,161.6,152.5,357.87,152.39,197.45,59.51,425.52,88.008,26.66,156.1,164.9,455.74,42.12,59.85,121.37
2024-04-08,168.45,185.19,37.5,161.27,154.85,362.05,151.59,198.48,59.27,424.59,87.133,26.58,156.04,172.98,456.0,41.73,59.78,120.55
2024-04-09,169.67,185.67,37.73,162.0,156.6,361.42,152.29,197.15,59.72,426.28,85.354,26.78,156.66,176.88,459.72,40.84,59.79,121.18
2024-04-10,167.78,185.95,36.65,162.67,156.14,350.56,150.2,195.47,58.92,423.26,87.039,26.32,157.24,171.76,450.05,40.52,60.62,122.2
2024-04-11,175.04,189.05,36.35,161.89,159.41,347.37,148.79,195.43,59.05,427.93,90.616,26.34,155.84,174.6,441.72,40.16,60.09,121.79
2024-04-12,176.55,186.13,35.79,158.96,157.73,342.87,147.52,182.79,58.28,421.9,88.186,25.86,155.33,171.05,439.2,39.72,60.14,120.37
2024-04-15,172.69,183.62,35.95,157.59,154.86,337.93,147.59,182.89,58.14,413.64,86.001,25.91,155.45,161.48,445.63,40.11,59.93,119.68
2024-04-16,169.38,183.32,34.68,156.28,154.4,334.83,144.45,180.8,58.06,414.58,87.415,25.69,155.95,157.11,468.89,39.77,59.84,118.69
2024-04-17,168.0,181.28,35.23,156.4,155.47,332.83,144.77,180.08,58.51,411.84,84.035,25.42,156.96,155.45,478.99,39.78,59.65,118.63
2024-04-18,167.04,179.22,35.77,157.57,156.01,332.89,145.74,181.25,58.91,404.27,84.671,25.39,157.29,149.93,493.18,40.13,59.26,118.52
2024-04-19,165.0,174.63,36.97,160.0,154.09,335.36,147.91,185.8,60.17,399.12,76.2,26.0,158.14,147.05,501.13,40.49,59.53,119.88
2024-04-22,165.84,177.23,37.73,161.92,156.28,336.11,149.12,189.41,60.55,400.96,79.518,26.26,160.54,142.05,491.23,38.6,60.14,120.56
2024-04-23,166.9,179.54,38.37,162.85,158.26,339.0,149.56,192.14,60.64,407.57,82.423,26.32,161.5,144.68,486.18,39.7,59.09,121.03
2024-04-24,169.02,176.59,38.32,163.57,159.13,333.01,148.53,193.08,61.55,409.06,79.677,26.27,162.6,162.13,487.3,39.49,59.87,121.05
2024-04-25,169.89,173.67,37.91,165.28,156.0,331.98,146.82,193.37,61.74,399.04,82.632,25.26,162.55,170.18,493.86,39.22,60.21,121.33
2024-04-26,169.3,179.62,37.83,165.89,171.95,335.09,146.14,193.49,61.74,406.32,87.735,25.4,161.29,168.29,495.35,39.68,60.16,117.96
2024-04-29,173.5,180.96,37.55,166.33,166.15,336.8,146.82,193.28,62.04,402.25,87.757,25.64,161.66,194.05,489.03,40.09,60.24,119.64
2024-04-30,170.33,175.0,37.01,161.27,162.78,334.22,144.59,191.74,61.77,389.33,86.402,25.62,163.2,183.28,483.7,39.49,59.35,118.27
2024-05-01,169.3,179.0,36.95,159.63,163.86,331.97,151.18,191.86,61.93,394.94,83.041,27.18,163.4,179.99,484.11,39.2,58.85,116.03
2024-05-02,173.03,184.72,36.88,160.73,166.62,335.53,149.92,191.66,61.99,397.84,85.817,27.7,163.84,180.01,492.97,38.93,59.71,116.24
2024-05-03,183.38,186.21,37.25,160.25,167.24,342.85,149.27,190.51,62.17,406.66,88.789,27.81,164.46,181.19,492.45,38.89,59.82,116.0
2024-05-06,181.71,188.7,37.69,162.3,168.1,342.29,148.58,192.0,62.35,413.54,92.14,28.16,164.44,184.76,494.38,39.33,59.87,116.75
2024-05-07,182.4,188.76,37.84,162.67,171.25,340.69,148.72,191.75,62.62,409.34,90.554,27.77,165.76,177.81,500.96,39.31,60.62,116.17
2024-05-08,182.74,188.0,37.71,162.54,169.38,338.83,148.95,195.65,62.85,410.54,90.412,28.27,165.07,174.72,503.21,39.48,60.3,116.15
2024-05-09,184.57,189.5,38.28,165.45,169.96,347.44,149.85,197.5,62.88,412.32,88.747,28.18,166.04,171.97,507.03,39.79,60.44,118.44
2024-05-10,183.05,187.48,38.45,165.82,168.65,346.43,149.91,198.77,63.26,414.74,89.878,28.01,166.85,168.47,512.81,40.4,60.48,117.96
2024-05-13,186.28,186.57,38.21,164.53,169.14,340.96,151.22,198.73,63.58,413.72,90.399,28.44,165.87,171.89,511.74,40.54,60.41,117.91
2024-05-14,187.43,187.07,38.49,163.61,170.34,340.5,151.38,201.51,63.1,416.56,91.356,28.38,165.76,177.55,513.88,40.49,59.86,117.67
2024-05-15,189.72,185.99,38.91,163.05,172.51,348.67,152.67,202.11,63.13,423.08,94.63,28.82,166.51,173.99,517.55,40.49,59.83,118.58
2024-05-16,189.84,183.63,39.22,161.09,174.18,342.73,154.28,202.47,63.32,420.99,94.359,28.92,167.86,174.84,521.27,40.25,64.01,117.87
2024-05-17,189.87,184.7,39.29,162.67,176.06,344.21,154.64,204.79,63.03,420.21,92.479,28.64,167.64,177.46,524.63,40.06,64.65,119.64
2024-05-20,191.04,183.54,38.82,161.14,176.92,337.82,151.27,195.58,62.57,425.34,94.78,28.53,167.31,174.95,517.23,40.12,64.18,118.67
2024-05-21,192.35,183.15,39.65,159.97,177.85,336.15,151.24,199.52,62.91,429.04,95.386,28.56,168.35,186.6,523.55,39.62,65.15,117.85
2024-05-22,190.9,183.13,39.76,157.57,176.38,330.59,153.5,198.31,63.0,430.52,94.95,29.6,167.81,180.11,521.35,39.79,65.25,115.48
2024-05-23,186.88,181.05,39.17,156.94,173.55,326.89,149.7,196.92,62.09,427.0,103.799,28.69,165.49,173.74,516.83,39.43,64.84,113.51
2024-05-24,189.98,180.75,39.7,157.75,174.99,325.1,146.97,200.71,62.0,430.16,106.469,28.88,165.33,179.24,508.17,39.74,65.38,113.42
2024-05-28,189.99,182.15,39.32,159.04,176.4,328.7,144.38,199.5,61.82,430.32,113.901,28.3,163.11,176.75,503.68,39.36,65.04,114.86
2024-05-29,190.29,182.02,38.72,156.9,175.9,325.91,144.44,198.11,61.7,429.17,114.825,27.82,161.65,176.19,484.72,39.1,64.92,113.63
2024-05-30,191.29,179.32,38.63,158.26,172.11,329.18,145.28,199.33,61.97,414.67,110.5,28.2,162.58,178.79,481.65,40.33,64.89,113.99
2024-05-31,192.25,176.44,39.99,162.3,172.5,334.87,146.67,202.63,62.93,415.13,109.633,28.66,164.54,178.08,495.37,41.15,65.76,117.26
2024-06-03,194.03,178.34,39.88,157.46,173.17,328.01,147.74,201.82,62.93,413.52,115.0,29.31,164.65,176.29,497.44,40.98,65.82,114.45
2024-06-04,194.35,179.34,39.68,156.13,173.79,328.26,147.8,199.16,63.94,416.07,116.437,29.49,167.01,174.77,505.49,41.56,66.6,112.67
2024-06-05,195.87,181.28,39.96,154.98,175.41,330.26,145.97,197.26,63.92,424.01,122.44,29.55,166.05,175.0,503.12,41.35,67.09,113.12
2024-06-06,194.48,185.0,39.7,155.93,176.73,331.1,146.42,196.91,64.15,424.52,120.998,28.8,168.47,177.94,501.92,41.33,67.15,113.97
2024-06-07,196.89,184.3,39.78,156.08,174.46,327.03,147.08,199.95,63.91,423.85,120.888,28.58,167.06,177.48,490.69,40.94,65.88,112.75
2024-06-10,193.12,187.06,39.67,156.74,175.01,332.56,147.13,199.61,63.59,427.87,121.79,28.07,167.35,173.79,495.0,40.41,66.96,113.08
2024-06-11,207.15,187.23,38.86,156.49,176.62,335.72,146.76,194.36,63.55,432.68,120.91,28.03,167.48,170.66,496.22,40.42,66.73,112.17
2024-06-12,213.07,186.89,39.41,154.22,177.79,344.14,145.41,191.53,62.88,441.06,125.2,27.66,165.18,177.29,493.07,39.77,66.31,110.93
2024-06-13,214.24,183.83,39.26,152.84,175.16,347.88,145.45,193.66,62.99,441.58,129.61,27.65,166.41,182.47,497.3,39.78,66.7,110.04
2024-06-14,212.49,183.66,39.24,152.57,176.79,346.84,145.54,193.78,62.55,442.57,131.88,27.53,166.79,178.01,497.12,39.67,67.02,109.11
2024-06-17,216.67,184.06,39.51,153.19,177.24,349.5,145.95,194.98,62.62,448.37,130.98,26.98,167.5,187.44,489.23,39.46,67.42,108.36
2024-06-18,214.29,182.81,39.99,153.33,175.09,353.87,145.65,197.0,62.63,446.34,135.58,27.41,168.56,184.86,481.05,40.08,67.6,109.38
2024-06-20,209.68,186.1,39.99,156.64,176.3,353.44,147.78,198.67,62.18,445.7,130.78,27.74,167.67,181.57,484.52,40.24,68.01,111.74
2024-06-21,207.49,189.08,39.49,155.28,179.63,355.8,148.75,196.3,62.77,449.78,126.57,27.74,168.26,183.01,482.59,40.24,67.91,110.76
2024-06-24,208.14,185.57,40.02,159.31,179.22,350.88,149.12,198.88,63.97,447.67,118.11,28.36,168.45,182.58,489.98,41.17,68.9,114.05
2024-06-25,209.07,186.34,39.38,158.46,184.03,338.32,147.19,198.07,63.84,450.95,126.09,27.99,166.85,187.35,484.5,41.08,67.42,114.37
2024-06-26,213.25,193.61,39.0,155.95,183.88,341.82,146.82,197.43,64.05,452.16,126.4,27.42,167.45,196.37,484.04,41.02,68.29,114.41
2024-06-27,214.1,197.85,39.25,156.32,185.41,341.49,145.8,199.17,63.91,452.85,123.99,27.8,166.62,197.42,486.44,40.82,67.88,114.9
2024-06-28,210.62,193.25,39.77,156.42,182.15,344.24,146.16,202.26,63.65,446.95,123.54,27.98,164.92,197.88,509.26,41.24,67.71,115.12
2024-07-01,216.75,197.2,40.01,156.52,182.99,336.19,146.44,205.45,63.28,456.73,124.3,28.22,162.72,209.86,494.65,41.74,67.48,114.96
2024-07-02,220.27,200.0,40.93,156.75,185.24,334.97,146.03,208.83,63.15,459.28,122.67,27.83,163.9,231.26,498.24,41.1,68.07,114.18
2024-07-03,221.55,197.59,40.9,156.71,185.82,333.64,145.69,208.69,63.33,460.77,128.28,27.7,163.83,246.39,489.89,41.12,68.24,114.76
2024-07-05,226.34,200.0,40.41,154.31,190.6,334.58,146.48,204.79,63.76,467.56,125.83,28.05,165.21,251.52,488.01,41.27,70.04,113.37
2024-07-08,227.82,199.29,40.62,154.33,189.03,339.6,145.48,205.17,62.96,466.24,128.2,27.93,166.52,252.94,489.34,41.53,69.68,112.18
2024-07-09,228.68,199.34,41.42,152.98,188.98,337.09,147.05,207.63,62.69,459.54,131.38,27.72,165.66,262.33,492.11,41.3,69.9,110.94
2024-07-10,232.98,199.79,41.74,155.13,191.18,344.18,149.43,207.8,62.83,466.25,134.91,28.35,166.8,263.26,500.93,41.08,70.41,111.92
2024-07-11,227.57,195.05,41.81,155.26,185.57,353.79,149.7,207.45,63.1,454.7,127.4,28.66,165.54,241.03,504.36,41.3,69.8,113.25
2024-07-12,230.54,194.49,41.59,155.59,185.07,359.77,149.88,204.94,63.7,453.55,129.24,28.92,166.61,248.23,511.53,41.43,69.24,113.27
2024-07-15,234.4,192.72,41.89,158.04,186.53,358.46,149.24,210.05,63.41,453.96,128.44,29.1,164.58,252.64,515.37,40.79,69.61,115.21
2024-07-16,234.82,193.02,44.13,157.77,183.92,369.12,151.01,213.62,64.27,449.52,126.36,29.5,166.95,256.56,548.87,41.45,69.99,116.04
2024-07-17,228.88,187.93,43.98,161.23,181.02,371.89,156.58,216.87,65.21,443.52,117.99,30.03,169.44,248.5,573.28,42.03,71.03,117.64
2024-07-18,224.18,183.75,43.01,161.97,177.69,366.08,155.42,209.98,65.19,440.37,121.09,29.71,168.44,249.23,564.34,42.07,70.82,118.8
2024-07-19,224.31,183.13,42.9,159.15,177.66,363.36,154.69,209.78,65.29,437.11,117.93,29.97,167.96,239.2,565.33,41.62,70.75,116.07
2024-07-22,223.96,182.55,42.3,156.99,181.67,363.25,154.24,210.28,64.77,442.94,123.54,29.6,168.25,251.51,558.53,39.09,70.38,115.27
2024-07-23,225.01,186.41,42.41,154.09,181.79,359.62,152.35,210.33,64.96,444.85,122.59,29.5,166.62,246.38,554.7,38.89,70.65,113.41
2024-07-24,218.54,180.83,42.19,155.07,172.63,350.31,156.28,208.59,65.81,428.9,114.25,29.98,168.0,215.99,559.75,39.67,70.6,115.01
2024-07-25,217.49,179.85,41.68,157.54,167.28,353.29,159.64,208.67,66.07,418.4,112.28,30.18,166.9,220.25,559.68,39.95,70.02,117.43
2024-07-26,217.96,182.5,41.67,157.84,167.0,359.51,160.64,212.24,67.05,425.27,113.06,30.77,169.11,219.8,569.72,40.09,69.78,117.33
2024-07-29,218.24,183.2,41.09,156.6,169.53,361.67,158.56,210.85,66.83,426.73,111.59,30.72,169.93,232.1,566.75,40.03,69.62,116.1
2024-07-30,218.8,181.71,41.28,159.57,170.29,363.69,161.33,215.19,67.68,422.92,103.73,31.39,161.7,222.62,576.33,40.04,69.19,118.17
2024-07-31,222.08,186.98,40.31,160.47,171.54,368.16,157.85,212.8,66.74,418.35,117.02,30.54,160.76,232.07,576.16,40.52,68.64,118.59
2024-08-01,218.36,184.07,39.5,152.62,170.76,358.58,160.76,207.96,67.96,417.11,109.21,30.65,165.69,216.86,572.77,40.85,69.79,116.95
2024-08-02,219.86,167.9,37.58,148.55,166.66,355.43,164.14,199.14,69.33,408.49,107.27,30.43,170.08,207.67,589.83,40.97,68.46,116.88
2024-08-05,209.27,161.02,36.65,144.66,159.25,350.01,161.25,194.9,68.1,395.15,100.45,29.74,168.06,198.88,569.96,39.8,67.59,114.77
2024-08-06,207.23,161.93,36.92,143.23,158.29,353.91,158.97,200.34,68.05,399.61,104.25,29.32,168.09,200.64,568.35,40.26,67.74,114.16
2024-08-07,209.82,162.77,37.3,142.41,158.94,342.4,158.9,200.4,68.46,398.43,98.91,28.85,170.02,191.76,566.08,40.28,66.91,115.68
2024-08-08,213.31,165.8,38.21,144.49,162.03,348.34,160.22,204.06,68.73,402.69,104.97,28.76,170.87,198.84,566.24,40.52,67.66,117.89
2024-08-09,216.24,166.94,38.28,144.99,163.67,348.64,160.62,205.8,68.68,406.02,104.75,28.55,170.54,200.0,558.76,40.75,67.95,118.85
2024-08-12,217.53,166.8,38.17,145.02,162.29,345.81,159.88,206.19,68.17,406.81,109.02,28.45,166.81,197.49,565.29,40.53,68.7,119.0
2024-08-13,221.27,170.23,38.46,144.15,164.16,350.07,158.39,207.94,68.46,414.01,116.14,28.85,167.29,207.83,574.24,40.78,68.13,117.86
2024-08-14,221.72,170.1,38.81,144.67,160.37,355.66,158.48,210.24,68.58,416.86,118.08,28.88,168.8,201.38,579.67,40.9,68.66,118.95
2024-08-15,224.72,177.59,39.03,146.8,161.3,360.07,159.09,211.55,68.65,421.03,122.86,28.71,167.92,214.14,579.61,40.04,73.18,118.73
2024-08-16,226.05,177.06,39.34,147.27,162.96,362.06,159.39,213.97,69.18,418.47,124.58,28.3,167.89,216.12,577.68,40.61,73.45,118.17
2024-08-19,225.89,178.22,39.67,146.83,166.67,363.07,159.63,215.45,68.98,421.53,130.0,28.8,168.42,222.72,578.78,40.74,73.72,118.53
2024-08-20,226.51,178.88,38.69,144.69,167.18,367.27,160.16,214.52,69.38,424.8,127.25,28.9,170.41,221.1,580.65,40.85,74.54,114.58
2024-08-21,226.4,180.11,38.75,145.32,165.85,370.46,161.43,214.6,69.57,424.14,128.5,29.03,170.16,223.27,578.07,41.05,75.24,113.85
2024-08-22,224.53,176.13,39.24,145.73,163.8,365.36,162.35,216.63,69.33,415.55,123.74,28.78,170.15,210.66,578.72,40.87,75.58,114.73
2024-08-23,226.84,177.04,39.77,147.62,165.62,375.59,164.13,218.31,69.79,416.79,129.37,28.9,169.17,220.32,584.51,41.21,75.7,116.32
2024-08-26,227.18,175.5,39.92,148.5,166.16,374.11,164.61,219.17,70.84,413.49,126.46,28.92,170.35,213.21,587.13,41.49,76.03,118.81
2024-08-27,228.03,173.12,39.67,146.95,164.68,373.18,162.95,220.18,71.5,413.84,128.3,28.82,169.25,209.21,587.35,41.45,76.13,117.68
2024-08-28,226.49,170.8,39.95,146.0,162.85,372.69,163.92,221.29,71.75,410.6,125.61,28.75,169.06,205.75,588.54,41.49,76.08,116.52
2024-08-29,229.79,172.12,40.17,147.42,161.78,367.06,164.23,222.21,72.05,413.12,117.59,28.72,170.03,206.28,591.57,41.25,76.42,118.13
2024-08-30,229.0,178.5,40.75,147.95,163.38,368.5,165.86,224.8,72.47,417.14,119.37,29.01,171.54,214.11,590.2,41.78,77.23,117.94
2024-09-03,222.77,176.25,40.7,144.66,157.36,364.74,167.16,220.3,73.01,409.44,108.0,28.3,174.52,210.6,598.68,42.93,77.17,115.47
2024-09-04,220.85,173.33,40.5,142.07,156.45,364.67,167.36,219.33,72.56,408.9,106.21,28.39,175.9,219.41,604.18,41.48,77.24,114.06
2024-09-05,222.38,177.89,40.14,140.93,157.24,361.85,164.99,217.63,71.17,408.39,107.21,28.51,175.47,230.17,595.49,41.31,76.96,113.17
2024-09-06,220.82,171.39,38.76,138.56,150.92,360.05,164.38,212.46,71.14,401.7,102.83,28.56,175.59,210.73,596.88,41.15,76.64,112.64
2024-09-09,220.91,175.4,39.47,140.3,148.71,365.52,166.61,216.81,71.85,405.72,106.47,29.41,176.06,216.27,594.1,42.73,77.34,115.01
2024-09-10,220.11,179.55,39.28,138.23,148.66,370.87,167.38,205.56,71.55,414.2,108.1,29.74,177.79,226.17,599.03,43.65,78.81,110.82
2024-09-11,222.66,184.52,39.0,137.88,151.16,370.49,164.82,207.23,71.08,423.04,116.91,29.66,173.92,228.13,589.75,43.8,78.84,109.72
2024-09-12,222.77,187.0,38.78,139.21,154.69,374.43,164.64,206.6,71.23,427.0,119.14,29.16,173.47,229.81,588.42,43.86,79.66,111.23
2024-09-13,222.5,186.49,38.65,140.61,157.46,379.99,165.52,204.32,71.41,430.59,119.1,29.27,174.08,230.29,594.32,44.43,80.6,111.15
2024-09-16,216.32,184.89,39.1,142.09,158.06,382.01,166.99,207.86,72.1,431.34,116.78,30.07,177.24,226.78,589.14,45.0,80.56,112.71
2024-09-17,216.79,186.88,39.55,143.41,159.32,383.24,167.07,209.25,71.8,435.15,115.59,29.83,175.88,227.87,577.96,44.08,78.6,114.18
2024-09-18,220.69,186.43,39.62,143.96,159.81,384.01,166.15,207.53,71.75,430.81,113.37,29.75,173.92,227.2,580.65,43.88,79.03,114.58
2024-09-19,228.87,189.87,40.87,144.99,162.14,390.34,164.82,210.48,70.62,438.69,117.87,29.66,171.54,243.92,577.07,43.94,78.04,116.0
2024-09-20,228.2,191.6,40.27,145.68,163.59,389.86,164.16,211.09,71.64,435.27,116.0,29.42,174.22,238.25,575.0,44.33,79.06,115.27
2024-09-23,226.47,193.88,39.87,147.54,161.85,391.96,163.22,211.44,71.73,433.51,116.26,29.31,173.77,250.0,573.41,44.26,80.33,117.36
2024-09-24,227.37,193.96,39.45,147.45,162.29,400.66,162.78,211.59,71.33,429.17,120.87,29.5,173.24,254.27,575.19,44.66,80.67,117.05
2024-09-25,226.37,192.53,39.25,143.97,161.49,396.93,160.6,210.19,71.45,432.11,123.51,28.93,172.26,257.02,576.31,44.55,81.4,114.77
2024-09-26,227.52,191.16,39.52,141.99,162.73,396.7,161.39,209.78,71.4,431.31,124.04,28.97,173.21,254.22,574.81,44.62,79.92,112.8
2024-09-27,227.79,187.97,39.4,145.49,163.95,399.53,161.4,210.5,71.79,428.02,121.4,29.09,173.55,260.46,581.85,44.89,79.78,115.82
2024-09-30,233.0,186.33,39.68,147.27,165.85,405.2,162.06,210.86,71.86,430.3,121.44,28.94,173.2,261.63,584.68,44.91,80.75,117.22
2024-10-01,226.21,185.13,39.22,149.7,166.99,409.05,161.99,207.04,71.71,420.69,117.0,28.67,173.04,258.02,583.3,45.21,81.27,119.93
2024-10-02,226.78,184.76,39.23,150.95,165.86,411.26,161.17,207.29,71.01,417.13,118.85,28.61,171.92,249.02,592.31,45.05,80.43,121.52
2024-10-03,225.67,181.96,39.25,151.25,165.86,411.58,160.5,205.23,70.52,416.54,122.85,28.34,170.12,240.66,592.75,44.52,80.43,122.58
2024-10-04,226.8,186.51,40.11,150.74,167.06,408.36,160.29,211.22,70.17,416.06,124.92,28.58,168.88,250.08,591.2,44.18,80.94,124.83
2024-10-07,221.69,180.8,39.96,151.12,162.98,408.06,159.53,210.93,69.01,409.54,127.72,29.2,167.12,240.83,583.56,43.84,79.1,125.37
2024-10-08,225.77,182.72,39.93,148.75,164.38,414.18,159.69,210.75,69.18,414.71,132.89,29.18,168.16,244.5,581.58,44.01,79.71,122.04
2024-10-09,229.54,185.17,40.19,149.65,161.86,416.07,160.65,213.42,69.57,417.46,132.65,30.19,169.27,241.05,591.22,44.11,80.4,122.09
2024-10-10,229.04,186.65,39.97,150.62,162.08,409.96,160.51,212.84,69.25,415.84,134.81,29.34,168.95,238.77,597.7,42.95,79.61,123.14
2024-10-11,227.55,188.82,41.95,151.42,163.24,411.9,161.46,222.29,69.57,416.32,134.8,29.16,171.09,217.8,598.05,43.0,80.1,123.61
2024-10-14,231.3,187.54,41.91,151.78,164.96,415.42,161.6,221.48,70.34,419.14,138.07,29.08,172.51,219.16,605.4,43.19,80.29,124.08
2024-10-15,233.85,187.69,42.14,147.73,165.46,415.58,164.1,222.39,70.34,418.74,131.6,29.44,173.57,219.57,556.29,43.74,81.65,120.35
2024-10-16,231.78,186.89,42.8,148.73,165.16,418.61,164.28,223.64,70.57,416.12,135.72,29.67,172.38,221.33,571.34,43.91,81.22,120.66
2024-10-17,232.15,187.53,42.6,151.2,162.93,415.6,164.47,224.42,69.9,416.72,136.93,29.27,172.28,220.89,566.03,43.85,80.89,120.35
2024-10-18,235.0,188.99,42.32,150.75,163.42,415.0,165.12,225.37,70.44,418.16,138.0,29.22,171.28,220.7,569.61,43.99,81.31,120.01
2024-10-21,236.48,189.07,41.76,150.88,164.07,406.4,162.83,223.0,69.45,418.78,143.71,28.93,169.54,218.85,571.47,43.7,80.81,120.08
2024-10-22,235.86,189.7,42.3,150.92,165.14,401.85,163.45,224.12,69.45,427.51,143.59,28.84,169.7,217.97,569.86,41.5,82.02,120.7
2024-10-23,230.76,184.71,42.34,150.48,162.78,399.64,165.86,223.41,68.01,424.6,139.56,28.86,169.58,213.65,564.64,42.86,83.27,120.27
2024-10-24,230.57,186.38,42.65,150.45,162.72,402.68,163.67,224.98,67.3,424.73,140.41,28.64,169.62,260.48,560.81,41.86,83.04,119.59
2024-10-25,231.41,187.83,41.89,150.81,165.27,398.91,160.88,222.31,66.92,428.15,141.54,28.45,168.22,269.19,564.56,41.38,82.51,119.49
2024-10-28,233.4,188.39,42.62,150.54,166.72,402.89,161.6,225.5,66.67,426.59,140.52,28.86,169.3,262.51,565.24,41.62,82.75,118.9
2024-10-29,233.67,190.83,42.53,148.52,169.68,395.07,160.09,222.9,65.56,431.95,141.25,28.46,167.17,259.52,562.13,41.33,81.7,117.28
2024-10-30,230.1,192.73,42.31,148.05,174.46,392.52,160.61,224.41,65.92,432.53,139.335,28.52,166.16,257.55,562.96,41.28,81.39,116.69
2024-10-31,225.91,186.4,41.82,148.82,171.11,393.75,159.86,221.92,65.31,406.35,132.76,28.3,165.18,249.85,564.5,42.13,81.95,116.78
2024-11-01,222.91,197.93,41.76,153.07,171.29,392.59,160.13,222.94,65.01,410.37,135.4,28.09,165.1,248.98,567.56,41.36,82.19,114.95
2024-11-04,222.01,195.78,41.33,153.97,169.24,395.57,158.24,219.78,65.11,408.46,136.05,27.76,165.08,242.84,557.77,41.06,82.45,118.61
2024-11-05,223.45,199.5,41.88,153.41,169.74,400.09,158.35,221.49,65.37,411.46,139.91,27.99,165.76,251.44,567.03,41.26,83.68,118.96
2024-11-06,222.72,207.09,45.41,157.72,176.51,388.37,157.88,247.06,63.7,420.18,145.61,27.36,161.05,288.53,596.69,41.16,83.44,121.0
2024-11-07,227.48,210.05,44.77,156.77,180.75,399.44,156.73,236.38,63.66,425.43,148.88,27.46,163.41,296.91,605.45,40.57,83.85,121.15
2024-11-08,226.96,208.18,45.13,156.93,178.35,405.9,155.47,236.98,63.92,422.54,147.63,26.72,167.71,321.22,615.81,40.48,84.83,121.11
2024-11-11,224.23,206.84,46.08,156.5,180.35,408.29,155.04,239.29,63.36,418.01,145.26,26.24,166.03,350.0,625.25,40.44,84.21,120.47
2024-11-12,224.23,208.91,45.86,155.29,181.62,403.08,152.64,239.56,63.2,423.03,148.29,26.19,165.84,328.49,614.67,40.4,84.99,120.35
2024-11-13,225.12,214.1,45.87,158.72,178.88,410.19,153.24,241.16,63.0,425.2,146.27,26.72,166.58,330.24,605.87,41.14,85.5,121.47
2024-11-14,228.22,211.48,45.9,161.8,175.58,405.72,151.87,241.87,62.55,426.89,146.76,26.02,167.08,311.18,593.15,40.87,84.47,120.56
2024-11-15,225.0,202.61,46.75,161.42,172.49,408.18,154.0,245.31,61.74,415.0,141.98,24.8,169.54,320.72,592.23,41.65,84.25,119.31
2024-11-18,228.02,201.7,46.72,160.76,175.3,410.44,154.77,245.03,61.86,415.76,140.15,24.86,170.75,338.74,589.65,42.25,84.08,120.31
2024-11-19,228.28,204.61,46.41,159.6,178.12,406.8,153.0,243.09,62.59,417.79,147.01,25.1,170.76,346.0,577.0,41.93,86.6,118.63
2024-11-20,229.0,202.88,46.06,161.33,175.98,400.0,153.11,240.78,62.99,415.49,145.89,24.94,170.89,342.03,600.5,42.22,87.18,120.32
2024-11-21,228.52,198.38,46.46,161.63,167.63,410.45,155.5,244.76,63.76,412.87,146.67,25.13,172.75,339.64,597.49,42.5,88.39,121.93
2024-11-22,229.87,197.12,47.0,162.36,164.76,420.0,155.17,248.55,63.92,417.0,141.95,25.65,176.28,352.56,590.87,43.15,90.44,121.79
2024-11-25,232.87,201.45,47.5,160.36,167.65,428.67,155.78,250.29,64.38,418.79,136.02,26.17,177.39,338.59,605.83,43.98,89.5,119.97
2024-11-26,235.06,207.86,47.75,162.53,169.12,429.52,154.52,249.97,64.55,427.99,136.92,25.77,179.31,338.23,606.79,44.37,91.31,117.97
2024-11-27,234.93,205.74,47.77,162.11,169.23,427.19,155.4,249.79,64.43,422.99,135.34,25.83,179.36,332.89,608.38,44.38,91.88,117.66
2024-11-29,237.33,207.89,47.51,161.93,168.95,429.13,155.01,249.72,64.08,423.46,138.25,26.21,179.26,345.16,610.2,44.34,92.5,117.96
2024-12-02,239.59,210.71,47.04,162.21,171.49,426.96,154.8,246.25,63.65,430.98,138.63,25.82,179.7,357.09,608.52,43.85,92.64,117.85
2024-12-03,242.65,213.44,46.82,161.92,171.34,429.35,152.36,244.82,63.52,431.2,140.26,25.56,175.42,351.42,605.23,43.83,93.51,117.67
2024-12-04,243.01,218.16,46.37,158.32,174.37,427.92,150.47,243.4,62.21,437.42,145.14,25.23,175.11,357.93,610.79,42.52,94.45,114.28
2024-12-05,243.04,220.55,47.0,159.33,172.64,426.54,149.52,245.48,62.92,442.62,145.06,25.7,176.03,369.49,578.97,42.55,95.3,114.78
2024-12-06,242.84,227.03,46.75,155.24,174.71,431.37,149.31,247.36,62.53,443.57,142.44,25.73,173.82,389.22,549.62,42.37,95.7,113.57
2024-12-09,246.75,226.09,45.91,157.08,175.37,429.18,149.6,243.81,62.6,446.02,138.81,26.1,170.79,389.79,560.62,42.36,93.83,112.9
2024-12-10,247.77,225.04,45.75,157.0,185.17,422.59,149.23,242.86,62.91,443.33,135.07,25.57,172.28,400.99,565.19,42.3,94.55,112.67
2024-12-11,246.49,230.26,46.08,156.21,195.4,421.38,146.64,243.53,62.64,448.99,139.31,25.23,170.63,424.77,533.53,41.99,94.96,111.92
2024-12-12,247.96,228.97,46.08,154.71,191.96,414.42,146.24,241.53,63.84,449.56,137.34,25.37,170.85,418.1,515.76,42.08,94.09,111.82
2024-12-13,248.13,227.46,45.67,153.87,189.82,416.98,146.62,239.94,63.12,447.27,134.25,25.58,171.06,436.23,520.48,42.28,94.25,110.84
2024-12-16,251.04,232.93,45.47,149.36,196.66,410.71,143.85,239.58,62.55,451.59,132.0,25.25,171.14,463.02,498.5,40.88,94.87,108.47
2024-12-17,253.48,231.15,45.05,148.11,195.42,408.47,146.41,238.36,63.4,454.46,130.39,26.43,170.33,479.86,485.52,40.78,95.42,108.01
2024-12-18,248.05,220.52,43.5,144.08,188.4,393.82,144.75,230.37,62.85,437.39,128.91,25.89,169.08,440.13,499.72,40.24,93.55,106.42
2024-12-19,249.79,223.29,43.38,141.15,188.51,385.02,143.58,232.96,62.45,437.03,130.68,25.77,169.19,436.17,489.25,39.97,93.4,105.51
2024-12-20,254.49,224.92,44.17,142.85,191.41,392.6,144.47,237.6,62.55,436.6,134.7,26.36,168.06,421.06,500.13,39.93,92.24,105.87
2024-12-23,255.27,225.06,43.89,142.97,194.63,392.45,145.27,238.39,62.38,435.25,139.67,26.71,168.11,430.6,506.34,39.94,90.35,106.3
2024-12-24,258.2,229.05,44.38,143.84,196.11,396.14,145.85,242.31,62.84,439.33,140.22,26.74,168.94,462.28,506.1,39.8,92.68,106.4
2024-12-26,259.02,227.05,44.55,143.98,195.6,395.14,145.58,243.14,62.57,438.11,139.93,26.56,170.16,454.13,511.15,39.96,92.79,106.49
2024-12-27,255.59,223.75,44.34,144.0,192.76,392.86,145.05,241.17,62.45,430.53,137.01,26.62,169.53,431.66,509.99,39.92,91.66,106.48
2024-12-30,252.2,221.3,43.91,143.07,191.24,389.43,143.34,239.32,62.03,424.83,137.49,26.42,167.09,417.41,507.8,39.6,90.57,105.76
2024-12-31,250.42,219.39,43.95,144.84,189.3,388.99,144.62,239.71,62.26,421.5,134.29,26.53,167.65,403.84,505.86,39.99,90.35,107.57
2025-01-02,243.85,220.22,44.29,146.71,189.43,388.46,144.02,240.0,61.84,418.58,138.31,26.61,165.98,379.28,504.51,40.21,90.0,107.31
2025-01-03,243.36,224.19,44.81,147.85,191.79,389.18,144.19,243.28,61.75,423.35,144.47,26.59,165.13,410.44,513.0,40.26,90.78,107.86
2025-01-06,245.0,227.61,45.4,147.26,196.87,389.37,143.66,240.85,60.81,427.85,149.43,26.89,160.6,411.05,513.67,39.61,91.43,107.74
2025-01-07,242.21,222.11,46.08,149.59,195.49,384.23,146.23,243.17,60.84,422.37,140.14,27.13,161.3,394.36,514.25,38.92,90.81,108.75
2025-01-08,242.7,222.13,46.21,150.3,193.95,387.2,142.27,243.13,61.71,424.56,140.11,26.86,162.1,394.94,524.52,38.94,91.8,106.93
2025-01-10,236.85,218.94,45.11,153.14,192.04,389.89,142.06,239.87,61.07,418.95,135.91,26.72,158.56,394.74,520.69,37.81,93.0,106.54
2025-01-13,234.4,218.46,45.06,155.35,191.01,389.18,144.47,244.21,61.65,417.19,133.23,26.8,158.84,403.31,541.14,38.12,91.53,109.29
2025-01-14,233.28,217.76,45.78,156.9,189.66,392.78,144.75,247.47,62.04,415.67,131.76,26.41,159.74,396.36,543.74,38.28,90.79,109.72
2025-01-15,237.87,223.35,47.1,158.33,195.55,406.09,144.97,252.35,61.77,426.31,136.24,26.22,159.65,428.22,543.42,38.18,91.34,111.51
2025-01-16,228.26,220.66,46.64,159.38,192.91,409.33,147.77,254.27,62.25,424.58,133.57,26.49,160.5,413.82,510.59,38.34,91.3,111.32
2025-01-17,229.98,225.94,46.53,161.47,196.0,409.38,147.03,259.16,62.71,429.03,137.71,26.3,161.13,426.5,509.76,38.78,91.94,112.32
2025-01-21,222.64,230.71,46.66,158.24,198.05,418.43,148.15,263.03,62.42,428.5,140.83,26.64,161.72,424.07,524.99,39.02,93.08,111.47
2025-01-22,223.83,235.01,45.79,156.41,198.37,410.1,145.27,262.84,61.78,446.2,147.07,26.01,164.74,415.11,519.72,38.95,93.23,109.53
2025-01-23,223.66,235.42,46.39,156.01,197.98,414.39,146.64,265.95,61.53,446.71,147.22,26.44,166.15,412.38,529.77,39.18,93.81,110.15
2025-01-24,222.78,234.85,46.52,155.65,200.21,414.5,146.82,264.84,61.92,444.06,142.62,26.09,164.12,406.58,532.51,39.54,94.76,108.66
2025-01-27,229.86,235.42,47.09,157.23,191.81,424.87,152.89,265.85,63.87,434.56,118.42,26.86,169.66,397.15,543.52,40.64,97.4,110.17
2025-01-28,238.26,238.15,46.84,156.21,195.3,418.83,150.38,267.14,62.36,447.2,128.99,26.75,166.19,398.09,542.48,40.4,97.29,108.04
2025-01-29,239.36,237.07,46.75,155.69,195.41,413.42,151.15,266.58,62.83,442.33,123.7,26.62,166.23,389.1,538.1,40.28,97.5,108.67
2025-01-30,237.59,234.64,46.72,156.32,200.87,414.5,152.87,268.23,64.05,414.99,124.65,26.91,167.41,400.28,545.57,39.47,98.65,109.57
2025-01-31,236.0,237.68,46.3,149.19,204.02,411.98,152.15,267.3,63.48,415.06,120.07,26.52,165.99,404.6,542.49,39.39,98.16,106.83
2025-02-03,228.01,237.42,46.21,149.34,201.23,408.76,151.87,266.81,63.35,410.92,116.66,26.2,168.76,383.68,548.18,39.98,99.54,107.09
2025-02-04,232.8,242.06,46.71,153.22,206.38,411.49,153.49,267.94,62.67,412.37,118.65,25.87,168.13,392.21,545.45,39.81,100.77,109.96
2025-02-05,232.47,236.17,47.11,152.99,191.33,413.82,154.69,270.43,63.12,413.29,124.83,26.44,169.01,378.17,539.81,40.13,102.46,109.88
2025-02-06,233.22,238.83,47.74,151.9,191.6,414.16,153.51,276.9,63.36,415.82,128.68,25.83,168.88,374.32,530.04,39.94,102.85,108.43
2025-02-07,227.63,229.15,47.4,152.62,185.34,407.37,153.12,275.8,63.84,409.75,129.84,25.74,167.97,361.62,527.03,39.88,101.15,108.89
2025-02-10,227.65,233.14,46.67,155.77,186.47,413.99,154.24,271.04,64.55,412.22,133.57,25.87,167.53,350.73,533.37,39.95,102.92,110.97
2025-02-11,232.62,232.76,46.79,157.44,185.32,416.36,156.13,274.99,67.6,411.44,132.8,25.53,169.43,328.5,533.92,40.49,102.47,111.67
2025-02-12,236.87,228.93,46.21,154.9,183.61,407.14,155.26,275.45,68.71,409.04,131.14,25.47,169.58,336.51,527.4,40.53,103.61,107.35
2025-02-13,241.53,230.37,46.33,155.88,186.14,412.43,157.25,276.32,69.5,410.54,135.29,25.64,171.02,355.94,531.18,41.04,105.05,108.13
2025-02-14,244.6,228.68,46.96,155.34,185.23,409.5,156.15,276.59,68.87,408.43,138.85,25.53,162.89,355.84,523.51,40.99,104.04,108.24
2025-02-18,244.47,226.65,46.53,156.16,183.77,403.31,154.99,279.95,69.05,409.64,139.4,25.56,165.43,354.11,500.73,41.2,103.78,110.14
2025-02-19,244.87,226.63,46.01,157.23,185.27,395.43,157.89,279.25,70.07,414.77,139.23,25.89,166.49,360.56,511.04,42.01,104.0,110.3
2025-02-20,245.83,222.88,45.3,158.79,184.56,394.64,159.68,266.8,70.04,416.13,140.11,25.9,167.21,354.4,502.42,42.49,97.21,112.0
2025-02-21,245.55,216.58,44.81,156.92,179.66,385.3,162.3,264.24,71.35,408.21,134.43,26.3,170.23,337.8,466.42,42.76,94.78,110.69
2025-02-24,247.1,212.71,44.46,157.89,179.25,382.42,163.74,261.34,70.59,404.0,130.28,26.65,170.54,330.53,461.52,43.32,93.67,111.27
2025-02-25,247.04,212.8,43.94,156.42,175.42,393.29,166.09,257.4,71.49,397.9,126.63,26.74,172.65,302.8,470.38,43.71,97.69,109.73
2025-02-26,240.36,214.35,43.94,155.14,172.73,390.48,163.08,258.79,70.8,399.73,131.28,26.42,171.3,290.8,463.59,43.18,96.2,109.46
2025-02-27,237.3,208.74,44.12,156.67,168.5,390.27,163.73,259.05,70.87,392.53,120.15,26.1,171.97,281.95,468.56,43.27,96.79,110.15
2025-02-28,241.84,212.28,46.1,158.62,170.28,396.6,165.02,264.65,71.21,396.99,124.92,26.43,173.84,292.98,474.96,43.1,98.61,111.33
2025-03-03,238.03,205.02,45.56,153.09,167.01,389.69,167.28,260.62,72.32,388.49,114.06,26.25,175.59,284.65,467.05,43.87,97.59,107.76
2025-03-04,235.93,203.8,42.67,152.0,170.92,381.68,165.42,250.25,70.19,388.61,115.99,25.75,173.18,272.04,474.61,42.87,94.97,107.54
2025-03-05,235.74,208.36,42.29,150.81,173.02,386.35,165.12,251.53,70.08,401.02,117.3,25.94,174.61,279.1,475.98,42.84,95.98,105.44
2025-03-06,235.33,200.7,41.46,152.95,172.35,381.73,165.83,246.54,70.46,396.89,110.57,26.24,174.66,263.45,487.72,44.23,94.64,107.62
2025-03-07,239.07,199.25,41.4,156.34,173.86,376.8,166.69,242.28,71.43,393.31,112.69,26.73,175.95,262.67,493.48,46.06,91.72,109.02
2025-03-10,227.48,194.54,39.83,157.57,165.87,374.65,167.7,232.22,71.45,380.16,106.98,26.64,176.26,222.15,480.22,46.49,87.82,111.8
2025-03-11,220.84,196.59,39.61,154.08,164.04,368.16,165.86,229.14,71.04,380.45,108.76,25.99,173.12,230.58,486.04,43.43,87.44,109.16
2025-03-12,216.98,198.89,39.91,152.67,167.11,364.73,162.85,227.9,69.94,383.27,115.74,25.71,168.37,248.09,481.11,42.59,85.2,109.13
2025-03-13,209.68,193.89,39.67,153.61,162.76,347.25,162.99,225.19,69.62,378.77,115.58,25.6,168.59,240.68,481.52,43.71,84.5,108.67
2025-03-14,213.49,197.95,40.89,157.02,165.49,351.31,162.81,232.44,69.16,388.56,121.67,25.72,167.97,249.98,488.65,43.57,85.35,111.9
2025-03-17,214.0,195.74,41.44,158.72,164.29,354.13,162.84,233.93,70.12,388.7,119.53,26.05,169.76,238.01,499.02,43.65,87.46,113.76
2025-03-18,212.69,192.82,41.65,160.81,160.67,349.57,164.25,234.97,69.38,383.52,115.43,26.31,167.71,225.31,503.8,44.23,85.59,113.64
2025-03-19,215.24,195.54,42.21,164.05,163.89,353.42,162.99,239.11,69.28,387.82,117.52,26.21,168.57,235.86,503.2,43.94,86.33,115.41
2025-03-20,214.1,194.95,42.48,164.77,162.8,355.52,163.02,239.01,69.71,386.84,118.53,26.19,167.55,236.26,511.3,43.75,85.81,115.9
2025-03-21,218.27,196.21,42.47,164.75,163.99,351.15,163.63,241.63,68.67,391.26,117.7,26.28,166.69,248.71,516.85,43.99,85.98,115.5
2025-03-24,220.73,203.26,43.07,165.02,167.68,363.77,163.29,248.06,68.95,393.08,121.41,26.14,165.65,278.39,516.5,43.56,87.49,115.8
2025-03-25,223.75,205.71,43.28,165.94,170.56,360.99,161.02,251.13,68.81,395.16,120.69,25.55,162.85,288.14,513.43,43.49,84.76,116.59
2025-03-26,221.53,201.13,42.82,167.97,165.06,362.13,161.72,251.03,70.02,389.97,113.76,25.21,166.58,272.06,518.2,44.18,85.21,118.27
2025-03-27,223.85,201.36,42.56,166.65,162.24,362.73,163.13,248.12,70.74,390.58,111.43,25.01,168.71,273.13,515.72,44.96,85.63,117.89
2025-03-28,217.9,192.72,41.25,166.09,154.33,358.15,163.71,242.85,70.37,378.8,109.67,25.21,168.03,263.55,516.04,44.93,85.15,117.73
2025-03-31,222.13,190.26,41.73,167.29,154.64,366.49,165.84,245.3,71.62,375.39,108.38,25.34,170.42,259.16,523.75,45.36,87.79,118.93
2025-04-01,223.19,192.17,41.49,168.51,157.07,365.52,153.25,243.66,71.87,382.19,110.15,24.54,170.56,268.46,523.12,45.38,88.83,119.04
2025-04-02,223.89,196.01,41.85,166.47,157.04,370.89,155.36,245.82,71.33,382.14,110.42,24.7,169.5,282.76,523.2,44.74,89.76,118.67
2025-04-03,203.19,178.41,37.22,156.12,150.72,355.91,159.82,228.69,73.18,373.11,101.8,24.29,172.39,267.28,540.44,45.62,87.26,112.43
2025-04-04,188.38,171.0,34.39,143.28,145.6,353.9,153.24,210.28,69.93,359.84,94.31,22.97,163.75,239.43,525.05,43.03,83.19,104.34
2025-04-07,181.46,175.26,35.58,140.15,146.75,341.51,150.62,214.44,68.37,357.86,97.64,22.63,160.23,233.29,524.7,42.58,83.83,102.94
2025-04-08,172.42,170.66,35.03,136.93,144.7,335.24,150.0,216.87,68.42,354.56,96.3,21.84,158.39,221.86,553.08,42.17,81.79,100.77
2025-04-09,198.85,191.1,37.15,146.03,158.71,355.39,150.97,234.34,69.95,390.49,114.33,22.49,162.32,272.2,578.5,42.89,89.6,105.8
2025-04-10,190.42,181.22,35.85,134.98,152.82,353.62,148.69,227.11,70.76,381.35,107.57,21.59,163.56,252.4,594.4,42.92,90.61,99.93
2025-04-11,198.15,184.87,35.95,135.63,157.14,353.86,151.73,236.2,71.43,388.45,110.93,21.91,166.91,252.31,599.47,43.73,92.8,103.14
2025-04-14,202.52,182.12,36.67,135.32,159.07,357.2,154.36,234.72,72.45,387.81,110.71,22.12,169.13,252.35,587.06,44.3,94.73,103.39
2025-04-15,202.14,179.59,37.99,134.54,156.31,354.11,153.62,233.13,71.86,385.73,112.2,22.44,168.47,254.11,583.59,44.48,93.97,103.1
2025-04-16,194.27,174.33,37.33,135.36,153.33,345.99,153.91,229.61,71.68,371.61,104.49,22.04,166.39,241.55,585.04,43.61,91.19,104.19
2025-04-17,196.98,172.61,37.41,137.87,151.16,355.06,157.47,231.96,73.0,367.78,101.49,22.14,170.63,241.37,454.11,44.04,93.22,106.92
2025-04-21,193.16,167.32,36.92,133.73,147.67,346.9,156.92,228.99,72.77,359.12,96.91,22.04,165.75,227.5,425.33,42.93,92.41,105.35
2025-04-22,199.74,173.18,38.32,137.3,151.47,354.43,157.75,235.59,73.9,366.82,98.89,22.53,167.88,237.97,427.18,43.19,94.85,108.3
2025-04-23,204.6,180.6,38.75,136.68,155.35,356.42,155.38,240.88,73.3,374.39,102.71,22.39,165.73,250.74,427.96,42.7,94.96,107.37
2025-04-24,208.37,186.54,39.58,139.07,159.28,359.64,154.93,244.64,72.52,387.3,106.43,22.78,159.53,259.51,424.25,42.81,95.84,108.63
2025-04-25,209.28,188.99,39.69,138.73,161.96,357.58,154.58,243.55,71.91,391.85,111.01,22.92,161.02,284.95,418.64,41.91,95.09,108.57
2025-04-28,210.14,187.7,39.78,140.1,160.61,356.92,155.35,243.22,71.79,391.16,108.73,23.05,161.85,285.88,420.0,42.39,95.22,108.63
2025-04-29,211.21,187.39,39.99,139.3,160.16,359.0,155.91,244.62,72.35,394.04,109.02,23.79,162.26,292.03,409.23,42.95,96.04,108.36
2025-04-30,212.5,184.42,39.88,136.06,158.8,360.49,156.31,244.62,72.55,395.26,108.92,24.41,162.57,282.16,411.44,44.06,97.25,105.63
2025-05-01,213.32,190.2,40.17,136.26,161.3,358.3,154.46,246.89,71.29,425.4,111.61,23.93,159.98,280.52,400.68,43.3,97.41,105.78
2025-05-02,205.35,189.98,41.07,138.5,164.03,364.52,156.12,252.51,71.65,435.28,114.5,24.2,160.52,287.21,399.92,43.74,98.75,106.21
2025-05-05,198.89,186.35,41.12,135.5,164.21,361.73,155.0,252.56,71.7,436.17,113.82,23.87,158.83,280.26,404.81,43.54,99.33,103.27
2025-05-06,198.51,185.01,40.84,135.6,163.23,359.38,154.47,249.25,71.72,433.31,113.54,22.88,159.25,275.35,394.51,44.15,98.55,104.71
2025-05-07,196.25,188.71,40.93,135.79,151.38,362.75,157.3,249.39,72.4,433.35,117.06,22.79,159.29,276.22,391.06,43.89,98.83,104.61
2025-05-08,197.49,192.08,41.6,137.04,154.28,364.86,155.66,253.47,71.17,438.17,117.37,22.97,158.65,284.82,385.55,43.61,97.43,106.07
2025-05-09,198.53,193.06,41.79,138.49,152.75,362.71,154.22,253.08,70.52,438.73,116.65,22.28,157.66,298.26,380.64,43.61,96.72,107.31
2025-05-12,210.79,208.64,43.36,141.62,158.46,376.59,154.14,260.05,69.53,449.26,123.0,23.09,160.9,318.38,378.75,43.0,96.75,109.16
2025-05-13,212.93,211.37,44.28,142.35,159.53,373.6,148.44,263.01,68.96,449.14,129.93,22.87,158.73,334.07,311.38,42.65,95.88,109.46
2025-05-14,212.33,210.25,44.74,141.67,165.37,372.81,146.36,265.64,69.16,452.94,135.34,22.02,158.02,347.68,308.01,42.35,96.83,108.48
2025-05-15,211.45,205.17,44.38,142.26,163.96,378.63,149.61,267.49,71.61,453.13,134.83,22.6,162.41,342.82,274.35,43.48,96.35,108.58
2025-05-16,211.26,205.59,44.69,142.1,166.19,380.78,151.33,267.56,72.0,454.27,135.4,22.83,163.28,349.98,291.91,43.99,98.24,108.19
2025-05-19,208.78,206.16,44.77,138.49,166.54,379.38,152.49,264.88,71.93,458.87,135.57,23.0,164.77,342.09,315.89,44.31,98.12,106.47
2025-05-20,206.86,204.07,44.69,137.27,163.98,377.05,153.66,265.68,71.69,458.17,134.38,23.52,165.64,343.82,321.58,44.22,97.8,104.95
2025-05-21,202.09,201.12,43.25,135.56,168.56,370.84,153.18,261.04,71.85,452.57,131.8,23.04,165.43,334.62,302.98,43.75,96.43,103.66
2025-05-22,201.36,203.1,43.31,135.29,170.87,366.13,152.61,260.67,71.14,454.86,132.83,23.04,165.03,341.04,296.67,43.13,95.93,102.97
2025-05-23,195.27,200.99,43.2,136.54,168.47,362.71,152.94,260.71,71.77,450.18,131.29,23.32,165.86,339.34,295.57,43.32,96.34,103.03
2025-05-27,200.21,206.02,44.22,137.83,172.9,370.4,153.25,265.29,71.78,460.69,135.5,23.61,167.76,362.89,295.0,43.5,97.58,103.52
2025-05-28,200.42,204.72,44.06,136.02,172.36,368.06,152.43,263.49,71.15,457.36,134.81,23.18,167.36,356.9,298.11,43.13,97.24,102.11
2025-05-29,199.95,205.7,44.24,137.91,171.86,368.29,153.58,264.37,71.49,458.68,139.19,23.45,168.56,358.43,298.17,43.33,97.1,102.69
2025-05-30,200.85,205.01,44.13,136.7,171.74,368.29,155.21,264.0,72.1,460.36,135.13,23.49,169.89,346.46,301.91,43.96,98.72,102.3
2025-06-02,201.7,206.65,44.08,137.84,169.03,367.96,155.4,264.66,72.0,461.97,137.38,23.46,167.78,342.69,304.72,44.1,99.77,103.05
2025-06-03,203.27,205.71,44.65,139.55,166.18,373.08,154.42,266.27,71.16,462.97,141.22,23.35,166.85,344.27,301.22,43.83,99.98,103.8
2025-06-04,202.82,207.23,44.36,137.37,168.05,372.4,153.22,264.22,71.37,463.87,141.92,23.39,165.95,332.05,300.38,43.24,99.35,102.3
2025-06-05,200.63,207.91,44.38,136.9,168.21,369.28,153.66,261.95,70.91,467.68,139.99,23.12,162.8,284.7,295.84,43.3,97.96,101.83
2025-06-06,203.92,213.57,44.97,140.21,173.68,367.33,155.03,265.73,71.35,470.38,141.72,23.35,164.02,295.14,303.22,43.8,97.47,104.27
2025-06-09,201.45,216.98,44.87,140.76,176.09,365.2,155.23,266.74,71.77,472.75,142.63,23.97,162.56,308.58,303.19,43.65,97.45,104.97
2025-06-10,202.67,217.61,45.09,143.35,178.6,367.91,156.45,268.6,72.35,470.92,143.96,24.3,162.84,326.09,303.79,44.13,97.32,107.22
2025-06-11,198.78,213.2,44.73,144.78,177.35,360.46,155.26,268.15,72.07,472.62,142.83,24.48,162.11,326.43,310.56,43.74,95.8,109.31
2025-06-12,199.2,213.24,44.62,144.97,175.7,363.16,156.66,268.24,72.24,478.87,145.0,24.84,163.18,319.11,318.5,43.16,94.83,109.73
2025-06-13,196.45,212.1,44.09,145.91,174.67,354.66,157.1,264.95,71.02,474.96,141.97,24.54,160.28,325.31,313.53,43.01,94.44,112.12
2025-06-16,198.42,216.1,44.41,146.03,176.77,353.56,155.22,270.36,70.52,479.14,144.69,24.4,160.88,329.13,307.66,42.5,94.29,112.48
2025-06-17,195.64,214.82,44.23,148.85,175.95,348.78,152.38,269.52,69.62,478.04,144.12,24.0,158.52,316.35,308.87,41.85,94.25,114.0
2025-06-18,196.58,212.52,45.06,148.19,173.32,347.03,150.73,273.96,69.21,480.24,145.48,23.88,158.02,322.05,307.2,41.67,95.09,113.19
2025-06-20,201.0,209.69,45.5,149.55,166.64,349.62,149.79,275.0,68.84,477.4,143.85,23.97,159.08,322.16,302.01,41.7,96.12,114.7
2025-06-23,201.5,208.47,46.3,146.86,165.19,356.96,151.32,278.27,69.74,486.0,144.17,24.03,161.03,348.68,300.68,42.36,97.87,111.74
2025-06-24,200.3,212.77,46.66,143.55,166.77,360.42,152.19,281.26,70.21,490.11,147.9,24.31,160.36,340.47,305.62,42.63,98.0,108.34
2025-06-25,201.56,211.99,46.85,143.23,170.68,361.86,152.28,284.06,69.63,492.27,154.31,24.26,158.97,327.55,302.02,42.12,97.26,108.37
2025-06-26,201.0,217.12,47.46,144.44,173.54,363.5,152.01,288.75,69.47,497.45,155.02,24.24,158.63,325.78,302.62,42.1,96.02,109.99
2025-06-27,201.08,223.3,47.12,143.79,178.53,368.74,152.41,287.11,70.33,495.94,157.75,24.19,159.86,323.63,309.11,42.31,97.27,109.38
2025-06-30,205.17,219.39,47.32,143.19,176.23,366.64,152.75,289.91,70.75,497.41,157.99,24.24,159.32,317.66,311.97,43.27,97.78,107.8
2025-07-01,207.82,220.46,48.15,145.57,175.84,373.16,155.92,290.41,71.67,492.05,153.3,25.04,161.22,300.71,326.14,43.68,98.24,109.24
2025-07-02,212.44,219.92,48.71,147.98,178.64,371.85,155.56,292.0,70.91,491.09,157.25,25.32,161.2,315.65,307.56,43.59,97.61,111.05
2025-07-03,213.55,223.41,48.93,148.37,179.53,371.68,156.01,296.0,71.35,498.84,159.34,25.38,160.83,315.35,308.55,43.55,98.36,112.2
2025-07-07,209.95,223.47,48.66,147.4,176.79,367.64,155.27,291.97,71.01,497.72,158.24,25.24,160.5,293.94,303.71,42.8,99.35,111.11
2025-07-08,210.01,219.36,47.15,153.24,174.36,367.5,155.79,282.78,70.24,496.62,160.0,25.62,157.89,297.81,307.7,43.06,97.09,114.19
2025-07-09,208.8,222.2899,46.97,152.96,178.07,366.4356,155.58,283.4,69.53,502.74,162.969,25.53,157.37,295.715,299.88,42.75,96.83,113.6
