date,open,high,low,close,volume
2020-08-06,,383.19,378.09,379.74,713059.0
2020-08-07,,386.66,378.76,385.62,937001.0
2020-08-10,,391.11,385.96,389.26,870369.0
2020-08-11,,399.49,391.33,391.96,1330581.0
2020-08-12,,396.52,391.29,392.44,896124.0
2020-08-13,,394.05,387.0,389.24,1071342.0
2020-08-14,,394.2,388.02,391.42,661937.0
2020-08-17,,395.19,387.73,388.96,883473.0
2020-08-18,,391.91,388.3434,390.26,817511.0
2020-08-19,,391.97,388.84,390.05,728454.0
2020-08-20,,389.2,383.577,387.88,1212809.0
2020-08-21,,390.79,386.8596,389.57,1048920.0
2020-08-24,,395.57,389.9,395.04,1031762.0
2020-08-25,,402.375,392.4,394.84,1004119.0
2020-08-26,,397.66,390.56,395.44,922979.0
2020-08-27,,400.085,394.88,395.02,711901.0
2020-08-28,,396.0,391.73,395.59,737976.0
2020-08-31,,395.0,388.47,390.26,1044854.0
2020-09-01,,389.185,385.0,386.81,931689.0
2020-09-02,,398.9,384.11,398.07,1237741.0
2020-09-03,,401.8755,383.38,386.29,1517374.0
2020-09-04,,391.55,379.58,385.02,948430.0
2020-09-08,,385.285,378.36,380.23,1093963.0
2020-09-09,,389.42,381.0101,385.24,1235748.0
2020-09-10,,388.5323,378.33,379.11,727792.0
2020-09-11,,390.4999,380.75,389.45,947090.0
2020-09-14,,396.67,391.62,393.75,1007995.0
2020-09-15,,396.0,386.89,392.55,973995.0
2020-09-16,,399.6,390.93,395.58,1066113.0
2020-09-17,,398.55,389.54,395.94,973135.0
2020-09-18,,399.0,394.15,395.14,2801191.0
2020-09-21,,389.8658,377.23,379.61,1482765.0
2020-09-22,,392.48,381.3443,388.42,1308786.0
2020-09-23,,394.4271,381.99,383.24,1244856.0
2020-09-24,,384.49,375.095,378.76,1312526.0
2020-09-25,,388.4,376.45,386.7,1405733.0
2020-09-28,,396.61,389.65,390.51,996324.0
2020-09-29,,393.15,387.51,388.74,1133634.0
2020-09-30,,389.76,380.51,383.28,1425689.0
2020-10-01,,390.0,379.0,380.89,1121980.0
2020-10-02,,383.4766,374.28,380.58,1236069.0
2020-10-05,,385.8891,378.86,383.96,840317.0
2020-10-06,,386.11,376.02,376.46,971193.0
2020-10-07,,383.84,378.56,382.94,840256.0
2020-10-08,,389.19,382.2784,388.59,704594.0
2020-10-09,,390.1,385.29,385.93,690073.0
2020-10-12,,390.51,383.26,388.92,822398.0
2020-10-13,,390.56,385.12,388.95,989488.0
2020-10-14,,395.46,387.14,390.72,1106338.0
2020-10-15,,388.87,383.22,386.12,803197.0
2020-10-16,,389.78,386.09,386.5,1015234.0
2020-10-19,,389.6,381.671,383.71,1194564.0
2020-10-20,,385.79,371.8,372.21,1803450.0
2020-10-21,,375.0,365.0,367.14,1958590.0
2020-10-22,,371.11,365.15,368.96,1274962.0
2020-10-23,,376.19,369.01,374.33,1194219.0
2020-10-26,,369.87,362.5016,368.55,1411370.0
2020-10-27,,367.98,360.805,362.43,994683.0
2020-10-28,,360.0,350.45,350.86,1718487.0
2020-10-29,,356.225,348.29,352.44,1571874.0
2020-10-30,,353.73,345.65,350.13,1323491.0
2020-11-02,,359.91,350.72,352.42,1729106.0
2020-11-03,,366.2,356.21,363.44,1504711.0
2020-11-04,,381.46,369.51,372.16,2181240.0
2020-11-05,,376.5,363.77,364.7,1725363.0
2020-11-06,,363.73,357.95,361.27,1423688.0
2020-11-09,,381.52,363.73,363.95,2018904.0
2020-11-10,,373.435,363.94,371.28,1729765.0
2020-11-11,,373.33,365.68,369.28,1135381.0
2020-11-12,,370.57,365.51,367.89,868868.0
2020-11-13,,376.0,369.23,375.14,936503.0
2020-11-16,,380.69,376.08,377.13,1333633.0
2020-11-17,,380.48,375.25,375.9,1339768.0
2020-11-18,,383.4699,376.24,377.56,1091490.0
2020-11-19,,377.75,372.17,376.46,1093035.0
2020-11-20,,377.2373,367.62,368.02,1151306.0
2020-11-23,,374.53,369.86,370.85,949074.0
2020-11-24,,378.48,373.06,378.48,974528.0
2020-11-25,,381.95,376.23,378.34,873775.0
2020-11-27,,378.81,373.45,374.34,612298.0
2020-11-30,,372.44,363.39,365.0,1632671.0
2020-12-01,,373.29,364.87,364.99,1320976.0
2020-12-02,,365.9899,360.01,361.36,2539707.0
2020-12-03,,369.5,360.96,362.03,1777700.0
2020-12-04,,367.73,362.11,366.61,1242029.0
2020-12-07,,366.9,360.54,362.13,1406547.0
2020-12-08,,363.17,358.835,359.23,1805200.0
2020-12-09,,362.59,356.945,361.35,1548553.0
2020-12-10,,364.215,355.195,355.39,1397845.0
2020-12-11,,363.12,354.19,361.71,1428948.0
2020-12-14,,365.62,357.44,357.66,1392262.0
2020-12-15,,359.89,355.445,357.57,1538854.0
2020-12-16,,357.899,353.65,354.57,2004702.0
2020-12-17,,357.66,351.88,352.6,1677040.0
2020-12-18,,356.79,350.01,356.03,4530949.0
2020-12-21,,353.94,346.6,349.35,2156454.0
2020-12-22,,350.62,347.385,347.92,1853635.0
2020-12-23,,354.995,349.4,351.6,1327208.0
2020-12-24,,354.0561,350.4,351.97,508779.0
2020-12-28,,357.82,351.71,354.18,1042289.0
2020-12-29,,357.35,351.8,353.9,1067703.0
2020-12-30,,356.61,353.0,354.16,858408.0
2020-12-31,,356.03,352.23,354.98,1331663.0
2021-01-04,,354.98,341.065,344.64,1913502.0
2021-01-05,,351.19,343.3,348.79,1503400.0
2021-01-06,,351.92,342.7826,348.03,1936693.0
2021-01-07,,347.8499,341.3398,342.55,2086220.0
2021-01-08,,343.47,335.01,336.1,3262793.0
2021-01-11,,339.0,333.32,337.68,3250388.0
2021-01-12,,343.37,335.63,341.85,3049745.0
2021-01-13,,347.2,339.165,345.49,1672328.0
2021-01-14,,354.79,346.85,347.44,1999872.0
2021-01-15,,350.5,344.278,347.27,1958179.0
2021-01-19,,350.97,341.48,341.5,2045176.0
2021-01-20,,343.78,339.215,341.67,1811660.0
2021-01-21,,343.61,338.96,339.67,1689031.0
2021-01-22,,341.84,337.21,339.88,1585478.0
2021-01-25,,346.89,337.9,343.51,2005803.0
2021-01-26,,343.98,330.69,330.69,3598642.0
2021-01-27,,335.73,329.674,332.51,2723513.0
2021-01-28,,334.68,327.1784,327.93,1866666.0
2021-01-29,,328.98,321.72,321.82,2135912.0
2021-02-01,,325.65,319.81,324.03,1647228.0
2021-02-02,,335.2,326.69,332.7,2098318.0
2021-02-03,,333.4,328.3,332.39,2720262.0
2021-02-04,,338.42,332.18,337.23,2195600.0
2021-02-05,,341.42,336.5,337.04,1481009.0
2021-02-08,,339.5,335.2,337.84,1580931.0
2021-02-09,,344.51,336.57,342.34,1702709.0
2021-02-10,,343.74,339.15,342.19,1753546.0
2021-02-11,,344.61,338.03,339.14,1199535.0
2021-02-12,,340.6445,336.56,337.73,1225597.0
2021-02-16,,340.0,333.8169,335.03,1711131.0
2021-02-17,,339.27,332.79,337.0,2056018.0
2021-02-18,,339.58,335.28,337.92,1317577.0
2021-02-19,,339.09,335.25,335.42,1895067.0
2021-02-22,,343.5599,333.21,340.47,1688156.0
2021-02-23,,347.47,338.33,346.23,2440282.0
2021-02-24,,350.3,344.61,346.53,2094871.0
2021-02-25,,349.1,340.67,341.69,1597382.0
2021-02-26,,338.76,330.0,330.25,2053790.0
2021-03-01,,337.72,332.82,333.47,1680638.0
2021-03-02,,340.01,332.67,338.59,2094895.0
2021-03-03,,346.3312,338.59,340.91,4073666.0
2021-03-04,,344.35,334.15,338.25,2220656.0
2021-03-05,,341.17,335.13,340.43,1480769.0
2021-03-08,,346.06,338.44,341.45,1621695.0
2021-03-09,,342.85,337.27,337.5,1474962.0
2021-03-10,,343.19,335.69,340.84,1785253.0
2021-03-11,,343.63,338.46,339.73,1699502.0
2021-03-12,,343.65,338.62,340.19,2190943.0
2021-03-15,,346.64,342.6,346.41,2118348.0
2021-03-16,,349.0,342.3,347.13,1671633.0
2021-03-17,,355.55,347.13,351.02,2111216.0
2021-03-18,,359.0,352.5428,358.45,2307912.0
2021-03-19,,359.43,350.1,355.07,5905417.0
2021-03-22,,358.37,352.0,357.66,2225757.0
2021-03-23,,359.245,352.6719,353.61,1495801.0
2021-03-24,,362.68,354.99,356.12,1625347.0
2021-03-25,,361.79,354.22,361.22,1619217.0
2021-03-26,,365.25,359.75,364.71,2045846.0
2021-03-29,,374.24,365.0,372.79,2263752.0
2021-03-30,,374.13,368.61,370.54,1546237.0
2021-03-31,,372.61,367.38,369.5,1393285.0
2021-04-01,,372.99,368.3439,371.02,1284396.0
2021-04-05,,380.4,372.06,378.75,1507379.0
2021-04-06,,380.104,376.315,378.97,1058727.0
2021-04-07,,380.4,376.07,380.19,995978.0
2021-04-08,,387.42,378.31,386.02,1888684.0
2021-04-09,,390.26,383.6619,386.23,1423093.0
2021-04-12,,388.7056,384.288,387.85,1099239.0
2021-04-13,,388.2,384.3398,387.11,1156872.0
2021-04-14,,391.2407,387.0,388.67,1095097.0
2021-04-15,,392.0,387.7,390.63,1308333.0
2021-04-16,,394.335,389.8,391.81,1576937.0
2021-04-19,,392.39,386.62,391.73,1336558.0
2021-04-20,,391.5,384.62,387.33,1400030.0
2021-04-21,,390.885,384.95,387.24,1377668.0
2021-04-22,,386.77,378.4,380.09,1691387.0
2021-04-23,,378.59,373.32,377.29,1317154.0
2021-04-26,,375.31,370.72,371.98,1563917.0
2021-04-27,,374.24,370.142,373.22,1588452.0
2021-04-28,,373.88,370.95,372.94,1132470.0
2021-04-29,,381.98,374.84,380.35,1406078.0
2021-04-30,,382.0,377.6,380.56,1121910.0
2021-05-03,,386.39,379.06,385.31,1371703.0
2021-05-04,,390.15,384.54,387.48,1538387.0
2021-05-05,,387.48,381.705,386.37,1095868.0
2021-05-06,,389.3,386.0,387.34,1097084.0
2021-05-07,,392.6,385.89,390.34,1216650.0
2021-05-10,,396.99,391.29,393.14,1598034.0
2021-05-11,,391.68,384.41,387.82,1383057.0
2021-05-12,,390.35,380.2,380.62,1655059.0
2021-05-13,,390.38,380.95,387.77,1133474.0
2021-05-14,,392.1,388.59,390.78,818770.0
2021-05-17,,392.03,388.715,391.12,1009474.0
2021-05-18,,394.17,387.08,387.22,1189764.0
2021-05-19,,385.73,381.35,385.54,1018555.0
2021-05-20,,389.54,386.07,388.32,1112720.0
2021-05-21,,392.19,385.56,387.22,927898.0
2021-05-24,,389.75,385.9624,387.71,947260.0
2021-05-25,,389.5,385.18,385.85,996406.0
2021-05-26,,386.0659,382.2101,384.13,1012853.0
2021-05-27,,387.95,384.28,387.39,4000664.0
2021-05-28,,386.0,381.52,382.2,951690.0
2021-06-01,,384.43,381.13,381.92,981748.0
2021-06-02,,385.5,380.63,385.09,1019463.0
2021-06-03,,387.54,383.095,387.35,1664952.0
2021-06-04,,395.52,387.61,394.1,1856164.0
2021-06-07,,395.72,389.6101,391.51,1107392.0
2021-06-08,,392.66,387.07,388.53,1080335.0
2021-06-09,,389.27,385.12,386.8,1059460.0
2021-06-10,,389.74,386.09,387.72,928499.0
2021-06-11,,389.15,385.17,387.72,761991.0
2021-06-14,,389.455,385.88,389.11,882909.0
2021-06-15,,392.045,389.06,389.8,960151.0
2021-06-16,,391.0028,383.2,383.6,1542598.0
2021-06-17,,385.52,379.57,382.9,1269486.0
2021-06-18,,382.1,379.0,379.19,2544638.0
2021-06-21,,385.44,380.61,382.5,1206463.0
2021-06-22,,383.88,379.65,382.48,653501.0
2021-06-23,,382.51,377.26,377.33,1042292.0
2021-06-24,,379.99,376.85,377.73,1052955.0
2021-06-25,,383.42,376.89,382.01,1743566.0
2021-06-28,,382.733,378.82,380.07,791945.0
2021-06-29,,380.4,373.245,373.42,1239102.0
2021-06-30,,379.439,373.615,378.35,1099842.0
2021-07-01,,381.115,377.215,380.22,770350.0
2021-07-02,,383.19,378.95,381.49,791058.0
2021-07-06,,380.34,373.6843,378.67,1157614.0
2021-07-07,,384.6,377.4101,383.48,966516.0
2021-07-08,,381.69,377.93,379.92,917404.0
2021-07-09,,384.39,380.77,383.11,552447.0
2021-07-12,,383.315,376.23,379.07,1029399.0
2021-07-13,,380.685,377.535,377.84,725733.0
2021-07-14,,378.3914,375.21,376.82,710232.0
2021-07-15,,378.65,375.0,378.25,729828.0
2021-07-16,,379.72,375.28,377.14,915603.0
2021-07-19,,376.82,367.56,372.02,1379692.0
2021-07-20,,380.64,373.0,379.98,1284878.0
2021-07-21,,384.7,379.4,380.89,939885.0
2021-07-22,,381.545,377.8301,379.93,701255.0
2021-07-23,,382.5,380.19,380.77,807736.0
2021-07-26,,374.36,366.4,368.05,2748739.0
2021-07-27,,375.55,368.25,374.73,1487264.0
2021-07-28,,376.242,370.59,372.81,792173.0
2021-07-29,,375.86,371.35,372.6,754760.0
2021-07-30,,373.64,370.11,371.67,798759.0
2021-08-02,,375.04,368.08,368.3,1176463.0
2021-08-03,,369.91,366.0,369.45,872936.0
2021-08-04,,365.36,359.61,361.64,1608105.0
2021-08-05,,363.02,359.88,360.78,912917.0
2021-08-06,,363.46,360.56,362.05,704471.0
2021-08-09,,362.4246,359.78,361.04,945120.0
2021-08-10,,363.06,360.1,362.24,842087.0
2021-08-11,,364.35,361.0,363.3,894275.0
2021-08-12,,364.3,358.8,359.75,1006041.0
2021-08-13,,361.065,357.51,357.98,1222334.0
2021-08-16,,360.51,355.56,360.25,1625931.0
2021-08-17,,362.53,358.665,361.6,1571156.0
2021-08-18,,360.5,356.56,356.6,960963.0
2021-08-19,,359.895,353.57,354.03,1345883.0
2021-08-20,,358.81,353.57,357.17,904545.0
2021-08-23,,359.07,356.41,357.35,828025.0
2021-08-24,,360.49,357.92,359.0,822751.0
2021-08-25,,360.65,357.991,358.75,953589.0
2021-08-26,,361.98,357.2416,361.62,1166233.0
2021-08-27,,364.33,361.18,361.99,1203851.0
2021-08-30,,363.96,361.75,362.05,986040.0
2021-08-31,,360.85,358.1,359.8,1084123.0
2021-09-01,,359.51,356.54,356.66,1116268.0
2021-09-02,,358.735,355.52,358.05,2031599.0
2021-09-03,,358.27,355.625,356.0,893685.0
2021-09-07,,354.72,349.07,349.2,2062088.0
2021-09-08,,353.58,349.46,351.46,1215491.0
2021-09-09,,351.7,347.86,348.93,1099019.0
2021-09-10,,350.08,345.82,345.88,1222611.0
2021-09-13,,349.28,342.75,346.31,1502256.0
2021-09-14,,348.3,342.48,344.34,1346096.0
2021-09-15,,346.93,343.91,345.07,1171825.0
2021-09-16,,345.9436,340.75,341.5,1451607.0
2021-09-17,,342.81,339.15,340.98,2108086.0
2021-09-20,,340.65,335.89,338.46,1709991.0
2021-09-21,,340.065,335.1001,336.05,1316981.0
2021-09-22,,343.2,338.02,341.73,1335925.0
2021-09-23,,344.775,340.11,344.2,1353931.0
2021-09-24,,352.94,347.51,349.52,1692975.0
2021-09-27,,357.235,351.32,353.36,1865989.0
2021-09-28,,355.31,349.92,352.15,1140435.0
2021-09-29,,352.58,344.97,350.29,1547732.0
2021-09-30,,352.3,344.9,345.1,1067951.0
2021-10-01,,349.68,342.77,347.8,960373.0
2021-10-04,,350.2724,343.7,345.99,1127402.0
2021-10-05,,350.45,344.82,347.75,889373.0
2021-10-06,,350.14,344.2,349.99,982095.0
2021-10-07,,354.48,350.17,351.78,1042648.0
2021-10-08,,355.16,350.8,353.75,780397.0
2021-10-11,,359.33,354.12,357.08,996832.0
2021-10-12,,360.38,356.0101,358.12,840239.0
2021-10-13,,362.39,353.4498,361.76,1102227.0
2021-10-14,,364.16,360.355,362.07,974240.0
2021-10-15,,366.24,363.51,365.62,952985.0
2021-10-18,,367.88,361.875,365.0,1014628.0
2021-10-19,,371.18,363.65,371.07,1051527.0
2021-10-20,,372.57,369.8,371.13,955188.0
2021-10-21,,373.26,367.14,373.14,803738.0
2021-10-22,,377.02,372.25,374.6,1092043.0
2021-10-25,,378.1,374.61,376.33,1350320.0
2021-10-26,,351.2,326.0,331.91,9439687.0
2021-10-27,,336.434,330.54,330.94,2822940.0
2021-10-28,,334.855,325.14,331.39,2874550.0
2021-10-29,,334.3641,328.84,332.32,1821510.0
2021-11-01,,334.198,330.07,330.93,1865020.0
2021-11-02,,332.0407,325.31,326.31,2745016.0
2021-11-03,,333.1,324.2278,331.35,1902646.0
2021-11-04,,335.7396,331.3,335.5,1847897.0
2021-11-05,,340.52,336.35,339.89,2145291.0
2021-11-08,,343.02,337.58,341.78,1733007.0
2021-11-09,,342.0,337.0997,338.17,1769211.0
2021-11-10,,340.7,337.5,337.63,1268778.0
2021-11-11,,337.21,333.3,335.89,1216473.0
2021-11-12,,340.39,335.03,339.06,1097664.0
2021-11-15,,341.65,339.43,340.92,1068912.0
2021-11-16,,343.64,339.76,340.37,1307549.0
2021-11-17,,343.545,339.48,341.99,1751113.0
2021-11-18,,343.11,340.21,342.08,1431476.0
2021-11-19,,343.0,339.35,341.44,1426637.0
2021-11-22,,347.59,341.48,344.98,1215147.0
2021-11-23,,348.09,344.67,345.18,1212807.0
2021-11-24,,347.0,343.05,343.58,1134598.0
2021-11-26,,343.23,338.08,342.72,1079864.0
2021-11-29,,344.6,339.2,341.23,1492254.0
2021-11-30,,338.355,333.03,333.32,2763187.0
2021-12-01,,335.95,328.2,328.42,2249186.0
2021-12-02,,333.91,328.33,330.53,1804208.0
2021-12-03,,334.3775,330.34,333.81,1576414.0
2021-12-06,,342.41,337.25,339.96,1946921.0
2021-12-07,,342.11,338.8,339.17,1540927.0
2021-12-08,,342.38,339.0244,341.08,1376911.0
2021-12-09,,345.11,338.27,343.6,1591713.0
2021-12-10,,347.24,344.6,344.88,1180685.0
2021-12-13,,346.795,341.51,345.55,1740728.0
2021-12-14,,348.4,343.75,345.64,1786033.0
2021-12-15,,345.64,340.0,344.42,1208943.0
2021-12-16,,347.96,343.67,344.84,1185928.0
2021-12-17,,347.155,342.92,344.14,2749535.0
2021-12-20,,341.19,333.42,337.42,2304257.0
2021-12-21,,343.38,338.65,340.77,2352563.0
2021-12-22,,344.35,341.03,343.14,1311507.0
2021-12-23,,348.32,343.78,347.02,1061270.0
2021-12-27,,350.81,347.0,350.28,966003.0
2021-12-28,,355.17,349.5114,353.75,827730.0
2021-12-29,,355.5,352.69,354.27,771816.0
2021-12-30,,357.83,353.51,353.58,778617.0
2021-12-31,,357.06,351.555,355.41,887171.0
2022-01-03,,356.59,353.03,354.36,1206138.0
2022-01-04,,363.54,355.21,361.99,1361119.0
2022-01-05,,364.0,357.87,358.14,1682213.0
2022-01-06,,361.24,357.55,358.0,1368995.0
2022-01-07,,362.99,358.15,360.14,1634647.0
2022-01-10,,369.46,361.41,363.25,2389886.0
2022-01-11,,365.0379,361.27,364.14,1128134.0
2022-01-12,,366.155,359.45,361.3,1477143.0
2022-01-13,,367.36,360.12,365.18,1243975.0
2022-01-14,,372.99,363.97,372.62,2164983.0
2022-01-18,,377.36,368.86,376.54,2472313.0
2022-01-19,,381.45,374.1765,377.33,3336687.0
2022-01-20,,381.15,374.01,375.13,2109142.0
2022-01-21,,377.1,369.68,371.2,2795405.0
2022-01-24,,374.54,365.34,373.33,3023288.0
2022-01-25,,388.0,370.78,387.17,3182423.0
2022-01-26,,393.63,383.7,391.24,3592696.0
2022-01-27,,395.6,384.735,389.08,2566244.0
2022-01-28,,393.33,384.78,393.15,2145264.0
2022-01-31,,390.99,384.68,389.13,2363525.0
2022-02-01,,390.51,386.21,387.01,1951392.0
2022-02-02,,388.35,385.01,387.34,1620605.0
2022-02-03,,392.1666,386.39,389.7,1648970.0
2022-02-04,,392.84,385.32,389.33,1645777.0
2022-02-07,,395.58,388.3,392.34,1242963.0
2022-02-08,,396.835,390.6,396.04,1305373.0
2022-02-09,,397.6171,393.69,394.54,1541931.0
2022-02-10,,395.66,383.93,385.43,2301132.0
2022-02-11,,398.85,385.35,396.19,3276387.0
2022-02-14,,395.5199,383.79,386.97,2799981.0
2022-02-15,,387.3,378.32,382.22,2418998.0
2022-02-16,,388.7078,382.0,386.9,1776794.0
2022-02-17,,391.69,385.77,388.77,1249040.0
2022-02-18,,391.08,385.705,386.46,1459949.0
2022-02-22,,393.42,385.07,386.2,1680920.0
2022-02-23,,390.28,384.5,388.9,1839516.0
2022-02-24,,398.98,387.42,395.71,4140943.0
2022-02-25,,414.45,395.22,409.49,3376337.0
2022-02-28,,433.9,413.5,433.8,5808648.0
2022-03-01,,458.53,435.0,456.61,5696257.0
2022-03-02,,451.56,429.28,450.0,5003398.0
2022-03-03,,455.9,437.4435,447.82,4603471.0
2022-03-04,,462.66,443.07,458.15,3322792.0
2022-03-07,,479.99,463.0,466.15,5202548.0
2022-03-08,,468.0,448.36,448.99,4133678.0
2022-03-09,,455.735,432.43,448.72,3477455.0
2022-03-10,,456.9599,442.24,444.36,3049605.0
2022-03-11,,448.685,438.61,439.04,2579146.0
2022-03-14,,449.78,439.21,444.45,2475664.0
2022-03-15,,450.42,440.28,448.67,1778690.0
2022-03-16,,436.89,411.36,421.34,5815501.0
2022-03-17,,431.78,424.8,428.59,2947717.0
2022-03-18,,437.49,421.7001,426.18,5215744.0
2022-03-21,,447.93,431.63,440.0,3211074.0
2022-03-22,,443.84,434.19,440.59,2113816.0
2022-03-23,,447.5,442.35,445.25,1715074.0
2022-03-24,,451.5,443.23,449.73,1375374.0
2022-03-25,,457.53,450.0,453.66,1646550.0
2022-03-28,,450.46,443.31,444.98,1676187.0
2022-03-29,,438.12,429.32,437.15,2451105.0
2022-03-30,,447.06,439.305,445.95,1719608.0
2022-03-31,,448.8699,441.0,441.4,1660687.0
2022-04-01,,448.99,438.8177,445.98,1174396.0
2022-04-04,,448.0,439.55,444.01,1166477.0
2022-04-05,,454.81,443.38,447.24,2240156.0
2022-04-06,,457.56,446.38,454.58,1941375.0
2022-04-07,,467.4,450.79,465.51,2032701.0
2022-04-08,,471.59,459.61,461.52,1710860.0
2022-04-11,,474.45,462.19,464.25,1911179.0
2022-04-12,,471.7399,461.38,467.55,1502527.0
2022-04-13,,474.61,466.25,469.19,1212375.0
2022-04-14,,473.73,466.04,467.66,1965159.0
2022-04-18,,471.9699,459.11,467.44,1638891.0
2022-04-19,,475.5,458.425,459.9,2044006.0
2022-04-20,,461.36,452.78,453.87,1636172.0
2022-04-21,,455.95,438.85,439.54,1925573.0
2022-04-22,,450.9,438.3924,445.79,1451796.0
2022-04-25,,444.82,433.27,442.89,1499844.0
2022-04-26,,452.32,443.1803,446.09,1440435.0
2022-04-27,,452.0,439.2655,444.98,1017592.0
2022-04-28,,449.0,437.52,441.71,1349467.0
2022-04-29,,445.01,430.38,432.12,1479532.0
2022-05-02,,437.49,426.15,430.81,1397135.0
2022-05-03,,437.6,430.955,434.77,1331984.0
2022-05-04,,445.99,434.885,445.74,1172615.0
2022-05-05,,447.47,438.6091,443.15,1183765.0
2022-05-06,,449.58,439.91,449.43,1409797.0
2022-05-09,,448.78,437.12,438.84,1354467.0
2022-05-10,,446.5,437.5,439.13,978706.0
2022-05-11,,444.99,436.615,440.41,1018188.0
2022-05-12,,441.32,428.35,434.59,1390225.0
2022-05-13,,437.705,429.0,435.17,1114755.0
2022-05-16,,440.365,432.155,437.55,1004671.0
2022-05-17,,442.22,431.26,441.0,798112.0
2022-05-18,,442.07,433.1034,434.33,960895.0
2022-05-19,,432.99,419.285,425.62,1536795.0
2022-05-20,,428.0,417.29,424.15,1632492.0
2022-05-23,,435.645,427.44,433.03,1038386.0
2022-05-24,,443.31,433.0,442.78,1034278.0
2022-05-25,,448.63,441.3,447.54,1032343.0
2022-05-26,,454.06,447.765,447.99,1143164.0
2022-05-27,,451.47,444.46,450.56,1265963.0
2022-05-31,,445.0,438.41,440.11,2539099.0
2022-06-01,,443.85,436.49,439.3,1199127.0
2022-06-02,,442.54,430.4401,441.11,1209973.0
2022-06-03,,446.578,439.16,442.69,928107.0
2022-06-06,,446.0007,441.56,443.41,689983.0
2022-06-07,,456.67,441.3989,456.3,1126120.0
2022-06-08,,454.64,442.91,443.41,1151604.0
2022-06-09,,443.5493,432.5,432.72,995196.0
2022-06-10,,434.35,425.75,430.19,1166079.0
2022-06-13,,428.36,421.522,423.93,1483046.0
2022-06-14,,424.16,411.11,416.17,1498032.0
2022-06-15,,419.0,408.87,414.1,1241740.0
2022-06-16,,412.89,403.02,404.79,1580297.0
2022-06-17,,405.4,394.66,404.01,3757111.0
2022-06-21,,420.5,409.0101,418.96,1474357.0
2022-06-22,,420.42,411.79,415.45,1073621.0
2022-06-23,,416.27,407.18,410.62,988848.0
2022-06-24,,419.48,410.68,419.04,1767980.0
2022-06-27,,423.19,417.47,419.25,779026.0
2022-06-28,,427.56,419.35,420.71,953621.0
2022-06-29,,424.4063,416.43,418.89,733833.0
2022-06-30,,430.32,416.88,429.96,1269511.0
2022-07-01,,434.96,424.48,433.52,1296938.0
2022-07-05,,425.77,407.21,415.25,1713202.0
2022-07-06,,427.86,415.28,425.89,1044956.0
2022-07-07,,427.995,419.55,422.19,1177278.0
2022-07-08,,426.965,419.97,420.35,681978.0
2022-07-11,,423.0,415.38,419.07,602659.0
2022-07-12,,419.89,412.6,413.99,680454.0
2022-07-13,,417.77,407.73,408.0,1155525.0
2022-07-14,,405.37,397.52,400.31,1160735.0
2022-07-15,,403.71,397.81,398.38,1223234.0
2022-07-18,,400.0,387.03,387.28,2759730.0
2022-07-19,,390.57,373.67,390.38,3023792.0
2022-07-20,,397.48,385.665,395.22,1560459.0
2022-07-21,,395.55,389.64,395.2,941017.0
2022-07-22,,401.97,393.46,394.74,769437.0
2022-07-25,,403.725,393.625,399.8,1038252.0
2022-07-26,,402.98,396.57,396.81,992431.0
2022-07-27,,399.25,394.0,398.54,838642.0
2022-07-28,,406.77,396.14,406.08,1014819.0
2022-07-29,,414.15,402.0,413.81,1493633.0
2022-08-01,,428.5,416.64,419.28,1721893.0
2022-08-02,,432.835,419.1,428.78,2453931.0
2022-08-03,,431.76,419.6423,429.3,1330652.0
2022-08-04,,434.6525,426.89,428.13,1126420.0
2022-08-05,,427.8431,419.53,426.41,932609.0
2022-08-08,,429.37,421.675,423.86,815818.0
2022-08-09,,431.88,425.7001,428.55,747479.0
2022-08-10,,432.25,426.34,429.99,1409345.0
2022-08-11,,432.49,427.2,428.85,949367.0
2022-08-12,,434.29,427.19,434.24,978009.0
2022-08-15,,439.97,429.855,438.01,885044.0
2022-08-16,,445.0,436.92,440.16,851050.0
2022-08-17,,445.49,435.001,441.59,996600.0
2022-08-18,,444.5799,436.87,439.35,866540.0
2022-08-19,,440.92,436.04,440.03,1013644.0
2022-08-22,,441.64,431.84,432.33,1086763.0
2022-08-23,,434.73,430.3,433.12,915242.0
2022-08-24,,435.45,430.94,433.71,740243.0
2022-08-25,,438.84,432.43,438.64,720986.0
2022-08-26,,442.775,430.94,431.13,876348.0
2022-08-29,,433.9,426.48,429.68,868264.0
2022-08-30,,430.37,424.01,425.11,976123.0
2022-08-31,,424.74,420.019,420.11,909298.0
2022-09-01,,423.5821,417.8,422.61,948908.0
2022-09-02,,425.69,417.55,418.57,869980.0
2022-09-06,,423.27,415.78,417.78,962529.0
2022-09-07,,420.9,412.26,420.14,1255723.0
2022-09-08,,421.065,414.77,419.65,1112677.0
2022-09-09,,423.62,419.015,421.53,1284687.0
2022-09-12,,421.49,417.5,418.64,1349659.0
2022-09-13,,420.8,407.36,409.33,1621432.0
2022-09-14,,418.4,408.3,416.63,1003293.0
2022-09-15,,414.83,410.725,413.59,1189166.0
2022-09-16,,415.77,410.01,414.29,2023341.0
2022-09-19,,417.64,412.73,416.52,695575.0
2022-09-20,,421.41,412.34,420.58,1112250.0
2022-09-21,,433.786,420.03,420.2,2106395.0
2022-09-22,,424.72,413.0,422.08,1409886.0
2022-09-23,,420.01,407.5796,413.07,1874579.0
2022-09-26,,412.205,406.51,407.65,1208273.0
2022-09-27,,410.315,398.365,399.74,1052147.0
2022-09-28,,402.09,391.1,400.0,1161708.0
2022-09-29,,399.41,385.885,389.79,1127761.0
2022-09-30,,389.9,381.55,386.29,1343719.0
2022-10-03,,402.83,389.08,399.74,1273772.0
2022-10-04,,407.84,399.83,406.11,1060128.0
2022-10-05,,407.66,400.78,402.51,828365.0
2022-10-06,,403.595,398.08,399.61,746670.0
2022-10-07,,404.67,396.01,403.96,1124719.0
2022-10-10,,418.6299,406.15,409.99,1112472.0
2022-10-11,,416.155,405.66,411.06,1010059.0
2022-10-12,,408.9,397.14,397.42,921846.0
2022-10-13,,407.05,391.2242,405.96,1012657.0
2022-10-14,,405.38,388.1,389.41,1370491.0
2022-10-17,,400.605,392.145,397.31,1617203.0
2022-10-18,,435.5094,401.54,431.84,4588540.0
2022-10-19,,447.565,430.35,439.96,2623664.0
2022-10-20,,445.31,437.95,444.34,1781303.0
2022-10-21,,454.69,440.15,454.61,1620175.0
2022-10-24,,466.1771,455.5601,457.46,2013669.0
2022-10-25,,463.535,452.19,460.15,1536954.0
2022-10-26,,470.64,460.46,462.56,1554812.0
2022-10-27,,474.175,464.4,471.93,1513809.0
2022-10-28,,491.14,472.3,484.87,2045544.0
2022-10-31,,488.23,479.4343,486.68,1288421.0
2022-11-01,,491.155,483.87,485.63,1229929.0
2022-11-02,,488.88,481.5,482.06,1292138.0
2022-11-03,,489.97,478.55,484.82,1291110.0
2022-11-04,,486.5,472.57,481.67,1447171.0
2022-11-07,,489.96,480.96,488.63,944759.0
2022-11-08,,494.66,486.8441,494.12,1220973.0
2022-11-09,,492.44,484.24,485.18,1383211.0
2022-11-10,,491.22,479.7,490.77,1601072.0
2022-11-11,,483.83,462.61,463.86,3061838.0
2022-11-14,,471.98,459.37,462.04,2286803.0
2022-11-15,,474.99,458.05,467.25,3272823.0
2022-11-16,,469.2599,461.59,466.24,1022748.0
2022-11-17,,474.78,464.26,472.77,1403073.0
2022-11-18,,480.87,472.77,476.82,2160399.0
2022-11-21,,483.96,478.23,480.94,1730774.0
2022-11-22,,484.26,479.2775,479.5,838407.0
2022-11-23,,482.99,478.72,481.07,1020415.0
2022-11-25,,484.5,481.415,483.46,321504.0
2022-11-28,,485.24,480.0,483.21,939150.0
2022-11-29,,485.095,481.74,484.1,802623.0
2022-11-30,,485.95,477.73,485.19,1469962.0
2022-12-01,,488.0,480.67,483.69,913652.0
2022-12-02,,498.95,481.81,496.23,1744461.0
2022-12-05,,494.98,488.32,490.67,1332908.0
2022-12-06,,491.32,482.2,484.0,1076620.0
2022-12-07,,489.24,480.475,481.2,999948.0
2022-12-08,,488.81,481.55,485.38,762292.0
2022-12-09,,490.36,483.21,483.58,856508.0
2022-12-12,,487.17,482.5,486.32,1129195.0
2022-12-13,,490.37,478.67,480.22,1731061.0
2022-12-14,,488.27,480.14,485.19,1071788.0
2022-12-15,,485.1,475.12,478.79,1067653.0
2022-12-16,,482.61,473.665,481.79,2590742.0
2022-12-19,,487.98,479.93,481.79,929944.0
2022-12-20,,491.4499,481.815,486.15,1014530.0
2022-12-21,,490.57,485.69,487.65,988276.0
2022-12-22,,486.82,473.95,479.3,1520980.0
2022-12-23,,484.1835,478.36,483.29,661647.0
2022-12-27,,489.24,483.5,485.5,788966.0
2022-12-28,,489.0,482.9,483.22,810358.0
2022-12-29,,489.57,483.3,487.05,764234.0
2022-12-30,,489.81,481.235,486.49,910037.0
2023-01-03,,484.25,474.01,477.53,1657329.0
2023-01-04,,479.7,469.3,476.5,1391458.0
2023-01-05,,478.1371,469.9,477.07,1210096.0
2023-01-06,,488.0,465.765,473.24,1969440.0
2023-01-09,,470.79,455.3001,458.99,2376959.0
2023-01-10,,465.47,456.895,462.29,1003543.0
2023-01-11,,465.55,461.04,463.0,1056366.0
2023-01-12,,465.88,459.19,461.74,936688.0
2023-01-13,,453.711,444.74,449.83,2208772.0
2023-01-17,,453.5,446.6701,447.16,1753149.0
2023-01-18,,448.2321,440.65,441.27,1645124.0
2023-01-19,,445.92,439.03,439.31,1470078.0
2023-01-20,,443.35,437.62,443.28,1409967.0
2023-01-23,,446.8313,440.86,441.28,1739634.0
2023-01-24,,450.96,437.69,449.23,2837003.0
2023-01-25,,455.81,444.8401,454.16,2352520.0
2023-01-26,,463.76,452.83,459.81,2169006.0
2023-01-27,,466.68,457.45,459.6,1587800.0
2023-01-30,,466.6999,459.9,460.59,1641993.0
2023-01-31,,463.48,459.01,463.26,2062014.0
2023-02-01,,465.28,459.8,462.25,1242598.0
2023-02-02,,460.43,453.92,457.19,2104724.0
2023-02-03,,462.6,454.94,459.08,1303069.0
2023-02-06,,469.77,462.75,469.1,1393473.0
2023-02-07,,472.99,463.1459,468.33,1334786.0
2023-02-08,,471.38,463.32,469.65,865028.0
2023-02-09,,474.3407,468.195,470.09,799047.0
2023-02-10,,481.86,472.38,480.83,1436296.0
2023-02-13,,489.5,480.1,481.97,1203050.0
2023-02-14,,485.0,479.6636,481.58,875679.0
2023-02-15,,484.2499,477.4,480.51,927174.0
2023-02-16,,477.58,466.1,471.25,1939493.0
2023-02-17,,475.66,470.84,475.63,1184204.0
2023-02-21,,482.4,475.2,479.19,1379425.0
2023-02-22,,481.67,477.47,479.53,900548.0
2023-02-23,,483.09,475.53,479.08,917415.0
2023-02-24,,481.8,477.3,480.4,1009522.0
2023-02-27,,484.1,477.19,479.49,1149228.0
2023-02-28,,478.53,471.82,474.26,1155631.0
2023-03-01,,477.215,471.29,474.33,957722.0
2023-03-02,,479.17,472.97,478.31,835810.0
2023-03-03,,479.5361,476.38,477.89,1060540.0
2023-03-06,,481.8,476.82,480.17,905744.0
2023-03-07,,485.09,478.0,478.66,1137895.0
2023-03-08,,487.6403,476.71,479.5,1253138.0
2023-03-09,,483.26,474.61,475.85,1035072.0
2023-03-10,,482.3,474.42,475.5,1335057.0
2023-03-13,,478.9044,470.795,477.33,1701202.0
2023-03-14,,481.27,474.87,478.87,1761423.0
2023-03-15,,475.13,464.5707,473.31,2273507.0
2023-03-16,,478.05,467.74,473.24,1633150.0
2023-03-17,,474.92,463.29,465.87,6525176.0
2023-03-20,,477.765,465.21,475.7,1515475.0
2023-03-21,,479.25,471.3,474.76,1069059.0
2023-03-22,,476.7699,468.32,468.9,1261876.0
2023-03-23,,470.95,466.5,467.9,1168501.0
2023-03-24,,475.67,467.1484,474.54,1126060.0
2023-03-27,,477.56,472.41,473.39,1233024.0
2023-03-28,,475.61,471.16,471.44,1076126.0
2023-03-29,,474.3,470.68,474.19,1146490.0
2023-03-30,,475.8,471.73,473.18,950392.0
2023-03-31,,475.35,471.03,472.73,1409664.0
2023-04-03,,487.9004,472.75,486.62,1656866.0
2023-04-04,,490.63,484.75,488.54,1081320.0
2023-04-05,,493.825,487.03,489.99,1305943.0
2023-04-06,,496.975,489.01,490.17,1093500.0
2023-04-10,,498.415,491.77,496.75,1024500.0
2023-04-11,,496.75,487.01,487.84,1224239.0
2023-04-12,,491.25,481.69,488.1,1105640.0
2023-04-13,,493.51,485.979,492.14,909542.0
2023-04-14,,491.5,485.11,487.99,843217.0
2023-04-17,,492.257,486.57,489.64,1287772.0
2023-04-18,,508.1,498.0,501.41,2561788.0
2023-04-19,,503.33,493.88,495.16,962227.0
2023-04-20,,495.83,489.06,490.6,839984.0
2023-04-21,,491.2834,480.61,482.55,1382714.0
2023-04-24,,483.53,478.72,480.92,955282.0
2023-04-25,,480.92,475.56,475.58,839245.0
2023-04-26,,473.95,459.6,461.62,1571857.0
2023-04-27,,466.33,461.15,465.0,1491502.0
2023-04-28,,466.16,462.395,464.45,1040270.0
2023-05-01,,471.08,464.55,469.43,1524523.0
2023-05-02,,468.53,457.25,458.89,1105493.0
2023-05-03,,459.4748,452.69,453.07,1066729.0
2023-05-04,,454.04,446.21,451.93,962887.0
2023-05-05,,457.1,452.08,455.54,930634.0
2023-05-08,,458.3,450.065,450.96,808318.0
2023-05-09,,453.9099,450.1001,452.04,623917.0
2023-05-10,,453.29,448.71,453.15,851078.0
2023-05-11,,452.2195,448.54,450.69,645427.0
2023-05-12,,453.87,447.8,450.79,696606.0
2023-05-15,,453.35,449.42,451.92,668310.0
2023-05-16,,452.44,447.66,447.73,569703.0
2023-05-17,,458.41,449.94,457.3,1101942.0
2023-05-18,,456.74,449.4,455.75,1456533.0
2023-05-19,,458.27,452.86,454.49,804256.0
2023-05-22,,457.365,451.5903,454.72,628089.0
2023-05-23,,456.4,450.0,452.63,1027289.0
2023-05-24,,456.7431,451.18,452.72,858759.0
2023-05-25,,451.5,439.7,442.83,1205011.0
2023-05-26,,451.77,442.1,448.45,1135533.0
2023-05-30,,448.89,444.29,447.97,891340.0
2023-05-31,,445.93,443.0,444.01,1673757.0
2023-06-01,,450.78,443.4201,449.67,878677.0
2023-06-02,,456.355,450.555,454.49,894660.0
2023-06-05,,456.94,452.48,454.69,873927.0
2023-06-06,,459.34,454.3944,458.63,816865.0
2023-06-07,,463.75,455.01,461.75,893317.0
2023-06-08,,466.42,461.46,464.17,851512.0
2023-06-09,,465.39,460.39,462.69,713249.0
2023-06-12,,462.87,458.18,459.87,954660.0
2023-06-13,,456.9699,445.89,452.37,1486493.0
2023-06-14,,453.42,448.57,452.55,945891.0
2023-06-15,,458.5059,453.92,455.95,892547.0
2023-06-16,,461.77,456.6,459.17,1642807.0
2023-06-20,,461.89,457.48,458.38,775250.0
2023-06-21,,467.17,458.01,466.04,907074.0
2023-06-22,,466.05,461.5,463.43,688681.0
2023-06-23,,465.42,458.13,459.36,1348206.0
2023-06-26,,456.16,446.68,452.8,997176.0
2023-06-27,,455.63,452.42,453.15,671192.0
2023-06-28,,453.76,447.46,449.66,848995.0
2023-06-29,,457.53,448.78,457.44,684263.0
2023-06-30,,462.67,456.79,460.38,982764.0
2023-07-03,,463.33,457.55,462.58,385446.0
2023-07-05,,463.3499,458.935,462.76,625509.0
2023-07-06,,463.0,459.34,461.64,675968.0
2023-07-07,,461.89,458.1,458.71,642167.0
2023-07-10,,462.59,458.05,460.38,718374.0
2023-07-11,,467.1,459.79,466.29,709253.0
2023-07-12,,467.22,461.12,461.96,1067254.0
2023-07-13,,467.44,460.33,466.38,821864.0
2023-07-14,,466.52,462.36,464.31,933202.0
2023-07-17,,473.9899,465.62,469.97,1890261.0
2023-07-18,,479.5,454.2841,455.7,3122613.0
2023-07-19,,459.2832,448.11,451.51,2141500.0
2023-07-20,,458.2,452.0001,456.01,1354029.0
2023-07-21,,456.935,453.35,454.76,934414.0
2023-07-24,,457.945,454.0364,456.8,892433.0
2023-07-25,,454.76,447.42,454.15,1207812.0
2023-07-26,,457.05,451.87,452.81,1322292.0
2023-07-27,,452.42,445.32,448.64,1603778.0
2023-07-28,,450.65,446.49,449.0,1163175.0
2023-07-31,,449.71,444.63,446.37,1806448.0
2023-08-01,,453.12,446.9,451.28,1048012.0
2023-08-02,,453.13,447.91,448.56,905975.0
2023-08-03,,450.2,445.98,447.92,1240780.0
2023-08-04,,450.29,445.31,445.72,846951.0
2023-08-07,,450.47,446.276,449.78,746803.0
2023-08-08,,450.51,447.57,449.47,791637.0
2023-08-09,,454.05,449.99,452.81,1211810.0
2023-08-10,,453.97,449.26,450.05,688916.0
2023-08-11,,454.09,450.52,454.05,690706.0
2023-08-14,,455.61,449.66,450.08,752307.0
2023-08-15,,450.0,443.28,443.58,725274.0
2023-08-16,,447.03,442.3,445.13,821965.0
2023-08-17,,450.22,446.435,446.68,635778.0
2023-08-18,,455.365,445.38,450.06,1075714.0
2023-08-21,,453.03,449.0,451.49,573502.0
2023-08-22,,453.89,450.46,452.94,671893.0
2023-08-23,,454.89,452.085,454.57,1043311.0
2023-08-24,,457.67,452.44,452.55,697790.0
2023-08-25,,455.26,449.06,451.09,785305.0
2023-08-28,,453.33,450.2701,452.32,641013.0
2023-08-29,,453.26,444.49,448.4,1053749.0
2023-08-30,,455.92,448.485,452.41,876092.0
2023-08-31,,453.62,448.14,448.35,826499.0
2023-09-01,,451.89,447.78,448.18,668746.0
2023-09-05,,448.33,445.05,445.19,854110.0
2023-09-06,,441.34,423.66,423.94,2547965.0
2023-09-07,,427.775,422.0,425.94,1195778.0
2023-09-08,,426.44,422.25,423.09,1162522.0
2023-09-11,,422.725,416.515,420.66,1618480.0
2023-09-12,,420.1125,415.94,417.83,1307739.0
2023-09-13,,422.25,418.5801,420.99,971568.0
2023-09-14,,426.655,420.73,425.89,992409.0
2023-09-15,,428.88,423.71,424.05,1681583.0
2023-09-18,,431.45,426.6,429.86,951207.0
2023-09-19,,431.075,425.06,425.31,862437.0
2023-09-20,,430.85,426.67,426.95,1044263.0
2023-09-21,,426.61,417.19,417.54,1669759.0
2023-09-22,,417.5,413.225,413.65,1453371.0
2023-09-25,,413.95,411.51,412.9,748376.0
2023-09-26,,411.27,407.7472,408.75,1107966.0
2023-09-27,,410.0,405.72,408.72,1317558.0
2023-09-28,,412.86,408.815,410.96,819809.0
2023-09-29,,411.4469,407.59,408.96,764063.0
2023-10-02,,410.9899,405.89,407.82,733257.0
2023-10-03,,407.5,402.59,403.83,864781.0
2023-10-04,,402.0,397.105,401.33,1173459.0
2023-10-05,,401.4299,394.62,397.35,1162794.0
2023-10-06,,402.415,393.77,400.73,1135594.0
2023-10-09,,436.6,423.39,436.53,5343747.0
2023-10-10,,442.62,432.53,435.1,2626166.0
2023-10-11,,438.8,433.3,436.65,1419534.0
2023-10-12,,439.09,430.1098,434.14,1122110.0
2023-10-13,,443.12,434.67,441.06,1520907.0
2023-10-16,,443.4995,434.39,440.41,1931317.0
2023-10-17,,452.79,435.13,441.13,3103947.0
2023-10-18,,447.89,440.2668,446.07,2024122.0
2023-10-19,,449.67,442.1915,449.18,2012401.0
2023-10-20,,452.6,444.01,444.17,1715061.0
2023-10-23,,452.06,443.49,446.16,1496365.0
2023-10-24,,450.61,440.34,440.9,1367136.0
2023-10-25,,449.38,443.68,447.69,1228868.0
2023-10-26,,451.09,443.68,445.97,1432131.0
2023-10-27,,447.6587,440.235,443.39,1288649.0
2023-10-30,,446.86,442.8,445.84,948803.0
2023-10-31,,455.13,445.41,454.64,1418804.0
2023-11-01,,456.7,451.46,452.38,1267032.0
2023-11-02,,458.224,450.75,458.04,1242239.0
2023-11-03,,457.76,451.13,453.34,1365625.0
2023-11-06,,454.84,450.64,451.16,1440995.0
2023-11-07,,453.16,449.69,450.15,1220143.0
2023-11-08,,451.7713,444.03,444.66,1386408.0
2023-11-09,,445.61,439.6754,442.46,1775623.0
2023-11-10,,445.83,440.97,444.87,1525619.0
2023-11-13,,448.57,443.29,445.03,1003947.0
2023-11-14,,446.73,441.86,444.22,1336811.0
2023-11-15,,448.01,443.47,445.14,1098462.0
2023-11-16,,447.67,443.55,445.59,912979.0
2023-11-17,,447.23,444.22,444.68,898624.0
2023-11-20,,445.59,440.76,443.81,982113.0
2023-11-21,,448.57,444.155,448.15,1177877.0
2023-11-22,,451.7,447.5,450.4,833765.0
2023-11-24,,452.59,449.74,452.01,326644.0
2023-11-27,,452.8299,445.43,445.49,1497004.0
2023-11-28,,450.88,446.0,448.27,1124950.0
2023-11-29,,449.54,443.91,445.01,1272912.0
2023-11-30,,447.86,442.51,447.77,1514694.0
2023-12-01,,450.66,448.15,449.41,856928.0
2023-12-04,,450.96,446.11,450.69,1265775.0
2023-12-05,,450.6437,445.9,446.24,1055774.0
2023-12-06,,450.44,445.5,449.41,864227.0
2023-12-07,,451.39,446.29,447.11,861191.0
2023-12-08,,450.53,447.4595,448.02,756776.0
2023-12-11,,453.26,449.51,451.26,1021581.0
2023-12-12,,453.75,450.37,451.63,1008242.0
2023-12-13,,454.19,450.5,451.44,1300265.0
2023-12-14,,450.87,441.44,445.27,1891203.0
2023-12-15,,444.545,438.71,441.81,3973469.0
2023-12-18,,447.26,442.27,446.91,1197385.0
2023-12-19,,448.59,446.15,447.79,695031.0
2023-12-20,,448.5499,442.57,442.6,1306864.0
2023-12-21,,448.1,444.215,448.02,637239.0
2023-12-22,,451.74,448.11,448.22,623775.0
2023-12-26,,451.44,447.82,450.18,516985.0
2023-12-27,,451.0185,448.41,448.97,699955.0
2023-12-28,,451.825,448.46,451.23,741854.0
2023-12-29,,453.5,451.148,453.24,832537.0
2024-01-02,,462.05,454.3,456.12,1206678.0
2024-01-03,,464.1,457.805,459.12,1174302.0
2024-01-04,,463.95,457.77,457.87,1087809.0
2024-01-05,,460.11,453.27,456.5,705324.0
2024-01-08,,458.69,453.5301,458.6,716216.0
2024-01-09,,458.61,453.27,456.29,731405.0
2024-01-10,,459.655,454.78,455.4,666085.0
2024-01-11,,457.8,449.36,453.13,784784.0
2024-01-12,,463.38,456.53,463.18,966475.0
2024-01-16,,466.27,456.36,457.84,814920.0
2024-01-17,,462.79,455.08,456.47,920830.0
2024-01-18,,459.98,453.54,459.57,780470.0
2024-01-19,,460.85,455.96,457.76,866575.0
2024-01-22,,460.825,455.44,458.76,1216791.0
2024-01-23,,459.0,433.89,439.67,3613453.0
2024-01-24,,443.2,431.545,431.65,1768872.0
2024-01-25,,433.9427,425.75,431.04,1813860.0
2024-01-26,,433.4226,426.71,429.91,1260544.0
2024-01-29,,432.03,425.57,428.01,1903320.0
2024-01-30,,431.85,427.775,431.68,1016375.0
2024-01-31,,433.72,429.0574,429.41,1120062.0
2024-02-01,,431.77,426.7,429.77,1175196.0
2024-02-02,,428.895,424.38,425.97,973880.0
2024-02-05,,424.37,419.83,421.7,1379621.0
2024-02-06,,429.02,420.36,426.95,1056643.0
2024-02-07,,430.29,426.54,430.1,980872.0
2024-02-08,,429.7516,425.73,427.0,972223.0
2024-02-09,,427.665,424.47,426.5,1038785.0
2024-02-12,,430.55,426.0,428.07,1007277.0
2024-02-13,,431.9,423.24,426.52,1089533.0
2024-02-14,,428.5,413.92,418.19,2503797.0
2024-02-15,,423.35,418.58,423.12,1136780.0
2024-02-16,,425.16,422.54,424.07,805983.0
2024-02-20,,428.29,423.7701,424.27,1364125.0
2024-02-21,,428.22,424.37,427.55,970022.0
2024-02-22,,429.48,423.8325,428.89,1236978.0
2024-02-23,,431.43,428.2,431.12,842229.0
2024-02-26,,432.45,426.79,429.18,980642.0
2024-02-27,,431.23,426.5,430.43,886991.0
2024-02-28,,435.02,430.8401,432.48,1029529.0
2024-02-29,,430.75,427.56,428.24,1503319.0
2024-03-01,,428.91,424.0001,426.46,1059046.0
2024-03-04,,433.88,426.95,431.94,1271868.0
2024-03-05,,436.01,429.76,431.98,1038169.0
2024-03-06,,433.81,430.915,433.48,775393.0
2024-03-07,,435.58,429.48,429.99,1086001.0
2024-03-08,,432.98,427.57,432.9,763168.0
2024-03-11,,436.01,432.6,434.75,950995.0
2024-03-12,,435.775,432.35,434.91,825086.0
2024-03-13,,437.79,433.74,434.6,987112.0
2024-03-14,,437.61,433.3,435.77,1153598.0
2024-03-15,,438.21,433.15,435.82,5151336.0
2024-03-18,,436.09,431.68,433.2,965427.0
2024-03-19,,437.29,433.98,437.19,898856.0
2024-03-20,,440.958,436.56,440.41,844995.0
2024-03-21,,443.89,439.3301,443.16,912244.0
2024-03-22,,446.25,443.67,445.88,1008295.0
2024-03-25,,448.55,444.813,446.31,775124.0
2024-03-26,,448.62,445.855,445.99,766716.0
2024-03-27,,457.11,447.86,456.78,1277694.0
2024-03-28,,457.11,453.95,454.87,1119541.0
2024-04-01,,455.36,451.22,452.79,717234.0
2024-04-02,,455.69,452.56,453.24,837966.0
2024-04-03,,454.1469,447.59,447.9,758767.0
2024-04-04,,455.98,447.145,454.04,1398347.0
2024-04-05,,455.5732,449.85,455.38,892120.0
2024-04-08,,457.0,452.27,452.38,751180.0
2024-04-09,,452.06,446.18,447.57,842962.0
2024-04-10,,452.61,442.835,451.71,1247755.0
2024-04-11,,453.75,448.945,452.32,942782.0
2024-04-12,,457.9799,450.11,450.4,1251154.0
2024-04-15,,459.3001,451.63,453.08,2441669.0
2024-04-16,,458.85,453.6251,454.31,1452309.0
2024-04-17,,457.24,451.7301,456.05,848290.0
2024-04-18,,458.05,454.2675,456.09,715044.0
2024-04-19,,465.36,457.28,463.87,1351080.0
2024-04-22,,469.54,460.41,461.33,1819725.0
2024-04-23,,473.54,457.66,460.08,1789487.0
2024-04-24,,463.69,456.06,459.14,1018853.0
2024-04-25,,465.6,457.5263,464.78,927710.0
2024-04-26,,466.0,459.17,461.29,857964.0
2024-04-29,,467.65,461.955,467.55,951555.0
2024-04-30,,467.975,463.615,464.93,711757.0
2024-05-01,,465.4,460.56,461.73,995050.0
2024-05-02,,463.6,459.0,463.2,1011394.0
2024-05-03,,462.93,457.1701,461.91,910781.0
2024-05-06,,463.4999,460.18,462.78,796391.0
2024-05-07,,466.81,463.16,466.68,723436.0
2024-05-08,,468.0,463.78,466.16,599051.0
2024-05-09,,468.76,465.2101,468.39,595046.0
2024-05-10,,470.62,467.975,468.88,482564.0
2024-05-13,,472.345,469.5,470.56,634358.0
2024-05-14,,471.11,466.8,467.18,565691.0
2024-05-15,,467.4,463.51,464.08,804062.0
2024-05-16,,468.32,453.0,464.83,1130786.0
2024-05-17,,467.0,463.15,466.2,677219.0
2024-05-20,,468.77,464.92,467.08,735291.0
2024-05-21,,469.12,466.84,468.31,558976.0
2024-05-22,,469.9,466.78,469.71,548809.0
2024-05-23,,469.68,466.23,467.08,866955.0
2024-05-24,,468.66,465.47,467.35,513802.0
2024-05-28,,466.0,457.25,458.48,1150758.0
2024-05-29,,456.0,451.8,452.72,1267964.0
2024-05-30,,462.94,455.0,460.94,1150503.0
2024-05-31,,470.36,459.49,470.34,1651560.0
2024-06-03,,470.52,465.01,467.6,990132.0
2024-06-04,,470.16,466.16,468.89,845778.0
2024-06-05,,468.85,463.618,465.23,915412.0
2024-06-06,,469.79,464.35,468.62,768313.0
2024-06-07,,475.29,468.62,470.13,1042800.0
2024-06-10,,470.75,465.755,467.46,900460.0
2024-06-11,,466.5834,462.575,462.8,908416.0
2024-06-12,,463.23,457.665,459.11,1026596.0
2024-06-13,,459.75,456.01,458.56,742025.0
2024-06-14,,458.56,454.44,458.34,702880.0
2024-06-17,,459.19,456.305,459.01,669784.0
2024-06-18,,460.7,457.39,460.0,658084.0
2024-06-20,,467.4899,459.16,466.34,1041412.0
2024-06-21,,469.8,463.65,467.6,3365244.0
2024-06-24,,475.69,467.82,471.51,1031607.0
2024-06-25,,471.62,466.66,468.07,715816.0
2024-06-26,,468.1,463.72,466.99,932061.0
2024-06-27,,468.88,465.305,467.13,871215.0
2024-06-28,,471.7499,464.87,467.1,3472549.0
2024-07-01,,471.68,464.76,466.44,562562.0
2024-07-02,,466.67,464.0201,465.7,502492.0
2024-07-03,,466.47,464.1298,466.03,313283.0
2024-07-05,,465.0,459.69,462.16,631595.0
2024-07-08,,464.57,461.12,461.76,447867.0
2024-07-09,,462.6199,459.76,460.3,537209.0
2024-07-10,,461.39,457.25,461.01,655973.0
2024-07-11,,465.77,456.11,460.38,1132976.0
2024-07-12,,464.9,459.53,463.73,579436.0
2024-07-15,,467.25,462.78,463.88,783092.0
2024-07-16,,469.19,463.75,468.58,736547.0
2024-07-17,,476.775,469.7045,476.07,1123060.0
2024-07-18,,480.86,473.015,476.0,981061.0
2024-07-19,,479.54,472.8143,474.92,889361.0
2024-07-22,,476.13,472.85,474.59,881562.0
2024-07-23,,501.77,482.86,501.29,2579132.0
2024-07-24,,519.59,501.41,515.2,2580066.0
2024-07-25,,526.69,512.87,521.4,1923901.0
2024-07-26,,528.64,520.011,524.8,1141310.0
2024-07-29,,529.46,519.26,527.64,961345.0
2024-07-30,,538.46,525.03,537.66,1234234.0
2024-07-31,,547.0,538.18,541.92,1481529.0
2024-08-01,,549.12,540.69,548.86,1271748.0
2024-08-02,,561.12,541.39,548.77,1484756.0
2024-08-05,,562.6,538.24,545.38,1683773.0
2024-08-06,,549.48,541.14,541.56,1033745.0
2024-08-07,,552.17,536.7374,548.51,1306584.0
2024-08-08,,553.685,543.69,551.62,846337.0
2024-08-09,,553.6107,548.1295,551.58,825286.0
2024-08-12,,557.56,550.4,556.91,793920.0
2024-08-13,,559.69,552.31,559.42,793610.0
2024-08-14,,564.22,557.0,563.22,796727.0
2024-08-15,,564.08,558.83,560.29,974590.0
2024-08-16,,562.425,557.0,560.13,912022.0
2024-08-19,,562.76,555.25,558.39,709735.0
2024-08-20,,558.9,550.96,557.01,972254.0
2024-08-21,,559.9899,553.31,553.76,883062.0
2024-08-22,,558.1801,553.2701,557.03,774578.0
2024-08-23,,558.87,552.78,555.01,870355.0
2024-08-26,,560.14,556.11,558.1,795360.0
2024-08-27,,562.1901,557.02,560.41,749831.0
2024-08-28,,568.73,561.78,563.98,829310.0
2024-08-29,,568.57,563.0,566.85,662462.0
2024-08-30,,569.09,562.55,568.1,1082809.0
2024-09-03,,572.0,565.19,567.22,1267110.0
2024-09-04,,578.73,568.72,574.78,941774.0
2024-09-05,,575.92,564.41,568.59,841029.0
2024-09-06,,572.11,564.95,566.63,976688.0
2024-09-09,,578.0,567.48,576.57,810168.0
2024-09-10,,577.8525,570.42,572.19,756528.0
2024-09-11,,572.41,561.0701,566.96,809242.0
2024-09-12,,568.97,563.9,568.27,739418.0
2024-09-13,,572.455359,564.53,569.91,638809.0
2024-09-16,,577.0,568.9901,572.92,597813.0
2024-09-17,,568.11,563.6001,567.01,739890.0
2024-09-18,,569.54,562.28,565.49,731817.0
2024-09-19,,567.525,562.1629,565.18,917669.0
2024-09-20,,573.5,562.94,571.92,3794353.0
2024-09-23,,581.75,570.82,580.51,884699.0
2024-09-24,,581.16,576.15,578.63,690123.0
2024-09-25,,583.75,576.8648,577.94,844517.0
2024-09-26,,582.53,574.44,577.4,746294.0
2024-09-27,,584.0734,575.33,582.36,848122.0
2024-09-30,,584.95,579.21,584.56,975501.0
2024-10-01,,611.49,581.91,605.86,2356212.0
2024-10-02,,610.0,601.4225,603.2,1192488.0
2024-10-03,,609.0,601.0001,605.82,856577.0
2024-10-04,,606.29,599.32,605.13,560051.0
2024-10-07,,611.59,604.0,605.54,1102382.0
2024-10-08,,610.7499,603.09,608.05,571794.0
2024-10-09,,607.14,603.02,605.11,543837.0
2024-10-10,,607.29,596.22,597.49,853770.0
2024-10-11,,604.55,600.0871,604.17,526025.0
2024-10-14,,611.99,603.7752,610.87,562291.0
2024-10-15,,614.62,603.72,605.0,849839.0
2024-10-16,,613.01,602.62,612.83,549404.0
2024-10-17,,614.4799,607.24,609.62,617493.0
2024-10-18,,613.3699,608.49,611.81,864086.0
2024-10-21,,618.95,611.36,614.61,1017480.0
2024-10-22,,608.34,574.0001,576.98,2259193.0
2024-10-23,,582.18,571.0,571.1,1402177.0
2024-10-24,,573.93,564.18,564.21,1102782.0
2024-10-25,,569.9799,561.1,562.29,1077563.0
2024-10-28,,563.155,554.495,555.17,1278667.0
2024-10-29,,553.4,546.41,546.8,1041740.0
2024-10-30,,551.26,543.2,545.94,1005163.0
2024-10-31,,551.6799,542.675,546.05,1245472.0
2024-11-01,,549.33,544.62,545.35,792756.0
2024-11-04,,548.81,540.41,543.1,827556.0
2024-11-05,,547.17,542.0,546.75,610142.0
2024-11-06,,561.4,540.0001,551.82,1751305.0
2024-11-07,,556.9999,549.67,551.84,818596.0
2024-11-08,,566.8099,554.72,564.56,1166089.0
2024-11-11,,576.1499,569.8,570.58,1171364.0
2024-11-12,,576.43,564.8,565.96,1133912.0
2024-11-13,,565.0,556.3301,557.73,1118648.0
2024-11-14,,561.35,533.785,538.99,1972732.0
2024-11-15,,542.54,531.4237,534.83,1757312.0
2024-11-18,,537.98,528.738,530.96,1298755.0
2024-11-19,,539.32,531.21,533.26,936050.0
2024-11-20,,535.23,529.2,534.73,994374.0
2024-11-21,,544.68,533.715,542.01,1320226.0
2024-11-22,,546.0,539.92,542.22,1311155.0
2024-11-25,,534.16,514.9,521.89,3613491.0
2024-11-26,,524.06,519.39,521.45,1345788.0
2024-11-27,,529.99,523.17,525.75,890394.0
2024-11-29,,529.48,524.59,529.41,658246.0
2024-12-02,,526.785,519.3,520.34,1115967.0
2024-12-03,,521.5,516.2501,517.0,1188389.0
2024-12-04,,519.826,513.14,517.5,1543010.0
2024-12-05,,520.56,514.01,517.48,1113691.0
2024-12-06,,517.44,509.6,513.03,1285011.0
2024-12-09,,516.3608,508.55,510.01,1170477.0
2024-12-10,,514.6099,508.1,512.94,1178870.0
2024-12-11,,514.0,503.305,504.24,1307967.0
2024-12-12,,501.095,488.71,496.58,1863009.0
2024-12-13,,499.2222,492.18,494.65,977749.0
2024-12-16,,494.8,490.15,491.65,1483720.0
2024-12-17,,493.0,487.76,490.61,1354504.0
2024-12-18,,490.24,482.41,482.94,1424702.0
2024-12-19,,484.0,477.305,479.66,1250426.0
2024-12-20,,489.02,477.77,489.02,3973490.0
2024-12-23,,488.8534,481.83,486.49,1053854.0
2024-12-24,,488.73,484.01,488.13,375892.0
2024-12-26,,493.4699,486.27,489.98,662456.0
2024-12-27,,493.4,486.38,488.97,820791.0
2024-12-30,,486.55,481.85,483.37,887811.0
2024-12-31,,486.53,482.0,485.94,731985.0
2025-01-02,,489.72,481.4201,482.25,953946.0
2025-01-03,,483.9224,480.91,481.82,817601.0
2025-01-06,,480.0,465.86,466.0,1698606.0
2025-01-07,,473.415,462.94,463.96,1276844.0
2025-01-08,,469.22,461.24,468.85,998673.0
2025-01-10,,471.59,465.73,468.05,1127790.0
2025-01-13,,484.8199,468.8,483.16,1435205.0
2025-01-14,,485.2012,477.97,484.46,1162107.0
2025-01-15,,487.76,480.37,483.97,882406.0
2025-01-16,,486.9999,481.5,486.86,956516.0
2025-01-17,,492.045,484.1948,490.32,1337574.0
2025-01-21,,509.5499,494.72,506.29,1615890.0
2025-01-22,,505.53,495.18,499.34,1325048.0
2025-01-23,,506.0,493.98,497.28,913142.0
2025-01-24,,497.29,494.6048,496.96,759695.0
2025-01-27,,507.11,496.78,503.69,1948555.0
2025-01-28,,479.73,457.27,457.45,4023939.0
2025-01-29,,462.49,449.4,454.36,2396823.0
2025-01-30,,459.89,451.32,459.65,1911777.0
2025-01-31,,464.23,457.15,462.95,1474589.0
2025-02-03,,461.332,453.575,455.42,1476323.0
2025-02-04,,455.41,451.26,453.68,1234237.0
2025-02-05,,457.1,448.77,449.87,1139696.0
2025-02-06,,452.1685,444.63,448.52,1292115.0
2025-02-07,,451.4999,443.78,444.39,1347367.0
2025-02-10,,448.94,440.7104,448.22,1427815.0
2025-02-11,,451.8,444.995,449.36,906230.0
2025-02-12,,449.14,441.05,441.97,1283227.0
2025-02-13,,445.295,432.01,434.72,2400020.0
2025-02-14,,435.16,419.7,423.19,3252806.0
2025-02-18,,432.93,423.5,428.54,2812914.0
2025-02-19,,438.0,425.58,432.95,2802115.0
2025-02-20,,438.0,429.31,436.29,1357981.0
2025-02-21,,443.73,435.67,440.72,1652401.0
2025-02-24,,448.28,438.5401,440.27,1946160.0
2025-02-25,,451.6671,441.0,448.46,1715745.0
2025-02-26,,448.0,439.34,441.5,1467161.0
2025-02-27,,447.08,441.45,446.46,1458062.0
2025-02-28,,450.8,445.03,450.37,1433568.0
2025-03-03,,454.43,448.83,451.94,1579417.0
2025-03-04,,463.739,448.49,448.82,2268654.0
2025-03-05,,463.48,449.37,460.42,2060073.0
2025-03-06,,463.5,453.41,461.5,1306579.0
2025-03-07,,477.49,458.0,473.65,2169135.0
2025-03-10,,494.2,473.7,479.17,2284410.0
2025-03-11,,478.65,466.54,468.88,1457086.0
2025-03-12,,466.82,456.0001,461.5,1271506.0
2025-03-13,,468.53,459.86,467.93,1159511.0
2025-03-14,,469.0,461.96,466.17,972659.0
2025-03-17,,472.27,462.83,467.61,1051563.0
2025-03-18,,471.625,465.39,469.28,881956.0
2025-03-19,,475.69,466.7698,470.55,1122652.0
2025-03-20,,469.9024,464.21,466.74,922084.0
2025-03-21,,481.5,432.51,439.7,7141725.0
2025-03-24,,435.7699,424.3,434.98,3015364.0
2025-03-25,,444.01,433.0,442.07,1600166.0
2025-03-26,,451.1999,443.0,445.17,1349944.0
2025-03-27,,448.1435,440.22,442.28,1559606.0
2025-03-28,,445.76,439.56,441.49,1595839.0
2025-03-31,,451.06,440.74,446.71,1690178.0
2025-04-01,,451.25,444.48,448.64,1042421.0
2025-04-02,,455.92,445.01,452.87,1270320.0
2025-04-03,,461.8765,450.8001,454.78,1814160.0
2025-04-04,,454.925,432.13,432.15,2392742.0
2025-04-07,,438.91,418.88,430.82,1968379.0
2025-04-08,,451.39,437.43,443.36,2151484.0
2025-04-09,,468.33,435.38,462.24,2291550.0
2025-04-10,,469.1,450.38,463.7,1832891.0
2025-04-11,,478.175,460.32,474.9,1452289.0
2025-04-14,,478.75,467.5941,475.34,1079637.0
2025-04-15,,475.34,468.0,469.58,1224466.0
2025-04-16,,482.8156,474.53,477.08,1530125.0
2025-04-17,,469.6699,448.39,464.08,3052804.0
2025-04-21,,463.23,452.79,458.33,1532920.0
2025-04-22,,470.77,442.35,462.08,2877958.0
2025-04-23,,471.39,457.6533,463.55,1352902.0
2025-04-24,,467.59,460.16,466.81,1105038.0
2025-04-25,,478.46,467.9,477.64,1521687.0
2025-04-28,,483.79,474.29,476.29,1159942.0
2025-04-29,,479.3,473.3501,475.88,897221.0
2025-04-30,,478.61,471.13,477.75,1095139.0
2025-05-01,,479.45,473.0001,477.72,986353.0
2025-05-02,,491.07,467.51,472.8,2090480.0
2025-05-05,,474.49,469.34,471.56,1150283.0
2025-05-06,,471.16,463.46,468.21,1135393.0
2025-05-07,,474.9,467.06,471.32,1204634.0
2025-05-08,,479.0,471.73,474.53,1093134.0
2025-05-09,,476.625,468.08,473.52,979219.0
2025-05-12,,475.685,465.775,473.16,1364863.0
2025-05-13,,472.81,459.135,459.83,1859414.0
2025-05-14,,461.8,445.06,449.18,2129688.0
2025-05-15,,465.41,455.0311,465.14,1758661.0
2025-05-16,,468.49,462.66,468.32,1319203.0
2025-05-19,,474.4399,467.78,473.06,1200022.0
2025-05-20,,477.095,470.89,475.82,1058518.0
2025-05-21,,480.93,470.05,470.28,1435110.0
2025-05-22,,472.87,467.12,470.45,885138.0
2025-05-23,,469.55,465.56,468.88,866694.0
2025-05-27,,476.85,468.655,476.85,1548007.0
2025-05-28,,478.975,469.0,469.98,956931.0
2025-05-29,,474.56,465.32,473.69,851603.0
2025-05-30,,482.38,471.06,482.38,2196347.0
2025-06-02,,479.73,474.0,478.82,1154508.0
2025-06-03,,481.125,476.54,480.17,1032298.0
2025-06-04,,486.86,481.685,482.21,1274033.0
2025-06-05,,485.13,471.75,478.03,1063462.0
2025-06-06,,481.96,476.9666,481.69,714571.0
2025-06-09,,482.84,476.62,480.83,1064298.0
2025-06-10,,481.65,475.64,476.9,1150649.0
2025-06-11,,464.15,443.409,456.6,3618239.0
2025-06-12,,469.27,456.5,469.27,1700596.0
2025-06-13,,488.3,473.35,486.45,2729692.0
2025-06-16,,482.73,464.5224,467.06,2766611.0
2025-06-17,,481.5844,467.5,479.34,2191204.0
2025-06-18,,482.36,467.96,468.6,1871162.0
2025-06-20,,474.31,461.11,470.56,2419367.0
2025-06-23,,482.37,468.53,472.46,2666358.0
2025-06-24,,468.7,457.68,460.2,1970232.0
2025-06-25,,464.88,456.5,458.39,1265509.0
2025-06-26,,464.072,456.635,457.9,1590105.0
2025-06-27,,459.18,451.46,458.59,1996362.0
2025-06-30,,463.82,457.875,463.14,1205616.0
2025-07-01,,469.44,460.0,465.94,1242775.0
2025-07-02,,466.925,458.61,462.55,1127591.0
2025-07-03,,465.35,460.97,462.52,707861.0
2025-07-07,,470.5499,461.37,469.06,1224120.0
2025-07-08,,466.6236,460.65,463.01,1242958.0
2025-07-09,,465.9855,460.205,463.06,892696.0
2025-07-10,,466.48,456.0,464.31,1255293.0
2025-07-11,,468.21,461.82,467.51,1209186.0
2025-07-14,,474.76,468.0,473.57,1488005.0
2025-07-15,,473.94,468.51,470.12,1039511.0
2025-07-16,,472.6,466.4106,471.47,935241.0
2025-07-17,,474.4,467.71,469.2,926150.0
2025-07-18,,471.21,460.97,463.96,1845269.0
2025-07-21,,467.36,460.53,460.53,1577788.0
2025-07-22,,437.45,410.11,410.74,8886507.0
2025-07-23,,423.37,411.0,419.39,4578552.0
2025-07-24,,426.8838,420.13,420.55,3083942.0
2025-07-25,,425.67,418.51,421.17,2461751.0
2025-07-28,,428.86,421.17,421.34,2423723.0
2025-07-29,,423.65,417.35,420.13,2428781.0
2025-07-30,,422.8,417.15,418.68,1632102.0
2025-07-31,,422.5847,412.5501,420.98,2178023.0
2025-08-01,,423.96,417.0,421.01,2006314.0
2025-08-04,,424.6,419.0,423.7,1548165.0
